0,Module,,,,,,,,,,,,,,,,
1,Function,$emscripten_asm_const_int,0,3,0,1,0,0,,,,,,,,,
2,FunctionSignature,,,,,,,,,,,,,,,,
3,Parameters,,,,,,,,,,,,,,,,
4,VarNode,$p0,0,,,,,,i32,,,,,,,,
5,VarNode,$p1,1,,,,,,i32,,,,,,,,
6,VarNode,$p2,2,,,,,,i32,,,,,,,,
7,Results,,,,,,,,,,,,,,,,
8,VarNode,,0,,,,,,i32,,,,,,,,
9,Function,$__wasi_args_sizes_get,1,2,0,1,0,0,,,,,,,,,
10,FunctionSignature,,,,,,,,,,,,,,,,
11,Parameters,,,,,,,,,,,,,,,,
12,VarNode,$p0,0,,,,,,i32,,,,,,,,
13,VarNode,$p1,1,,,,,,i32,,,,,,,,
14,Results,,,,,,,,,,,,,,,,
15,VarNode,,0,,,,,,i32,,,,,,,,
16,Function,$__wasi_args_get,2,2,0,1,0,0,,,,,,,,,
17,FunctionSignature,,,,,,,,,,,,,,,,
18,Parameters,,,,,,,,,,,,,,,,
19,VarNode,$p0,0,,,,,,i32,,,,,,,,
20,VarNode,$p1,1,,,,,,i32,,,,,,,,
21,Results,,,,,,,,,,,,,,,,
22,VarNode,,0,,,,,,i32,,,,,,,,
23,Function,$__wasi_proc_exit,3,1,0,0,0,0,,,,,,,,,
24,FunctionSignature,,,,,,,,,,,,,,,,
25,Parameters,,,,,,,,,,,,,,,,
26,VarNode,$p0,0,,,,,,i32,,,,,,,,
27,Function,$__wasm_call_ctors,4,0,0,0,0,0,,,,,,,,,
28,FunctionSignature,,,,,,,,,,,,,,,,
29,Instructions,,,,,,,,,,,,,,,,
30,Instruction,,,,,,,,,Return,,,,,,,
31,Function,$bof,5,2,1,0,0,0,,,,,,,,,
32,FunctionSignature,,,,,,,,,,,,,,,,
33,Parameters,,,,,,,,,,,,,,,,
34,VarNode,$p0,0,,,,,,i32,,,,,,,,
35,VarNode,$p1,1,,,,,,i32,,,,,,,,
36,Locals,,,,,,,,,,,,,,,,
37,VarNode,$l2,2,,,,,,i32,,,,,,,,
38,Instructions,,,,,,,,,,,,,,,,
39,Instruction,,,,,,,,,Return,,,,,,,
40,Instruction,,,,,,,,,GlobalGet,,,,,$g0,,
41,Instruction,,,,,,,,,Const,,i32,80,,,,
42,Instruction,,,,,,,,,Binary,i32.sub,,,,,,
43,Instruction,,,,,,,,,LocalTee,,,,,$l2,,
44,Instruction,,,,,,,,,GlobalSet,,,,,$g0,,
45,Instruction,,,,,,,,,LocalGet,,,,,$l2,,
46,Instruction,,,,,,,,,Const,,i32,48,,,,
47,Instruction,,,,,,,,,Binary,i32.add,,,,,,
48,Instruction,,,,,,,,,LocalGet,,,,,$p0,,
49,Instruction,,,2,,1,,,,Call,,,,,$strcpy,,
50,Instruction,,,,,,,,,LocalSet,,,,,$p0,,
51,Instruction,,,,,,,,,LocalGet,,,,,$l2,,
52,Instruction,,,,,,,,,Const,,i32,16,,,,
53,Instruction,,,,,,,,,Binary,i32.add,,,,,,
54,Instruction,,,,,,,,,LocalGet,,,,,$p1,,
55,Instruction,,,2,,1,,,,Call,,,,,$strcpy,,
56,Instruction,,,,,,,,,Drop,,,,,,,
57,Instruction,,,,,,,,,LocalGet,,,,,$l2,,
58,Instruction,,,,,,,,,Const,,i32,0,,,,
59,Instruction,,,,,,,,,Store,i32.store8,,,,,15,
60,Instruction,,,,,,,,,LocalGet,,,,,$l2,,
61,Instruction,,,,,,,,,Const,,i32,26985,,,,
62,Instruction,,,,,,,,,Store,i32.store16,,,,,13,
63,Instruction,,,,,,,,,LocalGet,,,,,$l2,,
64,Instruction,,,,,,,,,LocalGet,,,,,$p0,,
65,Instruction,,,1,,1,,,,Call,,,,,$strlen,,
66,Instruction,,,,,,,,,Store,i32.store,,,,,4,
67,Instruction,,,,,,,,,LocalGet,,,,,$l2,,
68,Instruction,,,,,,,,,LocalGet,,,,,$p0,,
69,Instruction,,,,,,,,,Store,i32.store,,,,,0,
70,Instruction,,,,,,,,,Const,,i32,1024,,,,
71,Instruction,,,,,,,,,LocalGet,,,,,$l2,,
72,Instruction,,,,,,,,,Const,,i32,13,,,,
73,Instruction,,,,,,,,,Binary,i32.add,,,,,,
74,Instruction,,,,,,,,,LocalGet,,,,,$l2,,
75,Instruction,,,3,,1,,,,Call,,,,,$emscripten_asm_const_int,,
76,Instruction,,,,,,,,,Drop,,,,,,,
77,Instruction,,,,,,,,,LocalGet,,,,,$l2,,
78,Instruction,,,,,,,,,Const,,i32,80,,,,
79,Instruction,,,,,,,,,Binary,i32.add,,,,,,
80,Instruction,,,,,,,,,GlobalSet,,,,,$g0,,
81,Function,$main,6,2,1,1,0,0,,,,,,,,,
82,FunctionSignature,,,,,,,,,,,,,,,,
83,Parameters,,,,,,,,,,,,,,,,
84,VarNode,$p0,0,,,,,,i32,,,,,,,,
85,VarNode,$p1,1,,,,,,i32,,,,,,,,
86,Locals,,,,,,,,,,,,,,,,
87,VarNode,$l2,2,,,,,,i32,,,,,,,,
88,Results,,,,,,,,,,,,,,,,
89,VarNode,,0,,,,,,i32,,,,,,,,
90,Instructions,,,,,,,,,,,,,,,,
91,Instruction,,,,,,,,,Return,,,,,,,
92,Instruction,,,,,,,,,GlobalGet,,,,,$g0,,
93,Instruction,,,,,,,,,Const,,i32,32,,,,
94,Instruction,,,,,,,,,Binary,i32.sub,,,,,,
95,Instruction,,,,,,,,,LocalTee,,,,,$l2,,
96,Instruction,,,,,,,,,GlobalSet,,,,,$g0,,
97,Instruction,,,,,,,,,LocalGet,,,,,$l2,,
98,Instruction,,,,,,,,,Const,,i32,16,,,,
99,Instruction,,,,,,,,,Binary,i32.add,,,,,,
100,Instruction,,,,,,,,,Const,,i32,0,,,,
101,Instruction,,,,,,,,,Load,i32.load16_u,,,,,1120,
102,Instruction,,,,,,,,,Store,i32.store16,,,,,0,
103,Instruction,,,,,,,,,LocalGet,,,,,$l2,,
104,Instruction,,,,,,,,,Const,,i32,0,,,,
105,Instruction,,,,,,,,,Load,i64.load,,,,,1112,
106,Instruction,,,,,,,,,Store,i64.store,,,,,8,
107,Instruction,,,,,,,,,LocalGet,,,,,$l2,,
108,Instruction,,,,,,,,,Const,,i32,0,,,,
109,Instruction,,,,,,,,,Load,i64.load,,,,,1104,
110,Instruction,,,,,,,,,Store,i64.store,,,,,0,
111,Instruction,,,,,,,,,LocalGet,,,,,$l2,,
112,Instruction,,,,,,,,,LocalGet,,,,,$p1,,
113,Instruction,,,,,,,,,Load,i32.load,,,,,4,
114,Instruction,,,2,,0,,,,Call,,,,,$bof,,
115,Instruction,,,,,,,,,LocalGet,,,,,$l2,,
116,Instruction,,,,,,,,,Const,,i32,32,,,,
117,Instruction,,,,,,,,,Binary,i32.add,,,,,,
118,Instruction,,,,,,,,,GlobalSet,,,,,$g0,,
119,Instruction,,,,,,,,,Const,,i32,0,,,,
120,Function,$_start,7,0,0,0,1,1,,,,,,,,,
121,FunctionSignature,,,,,,,,,,,,,,,,
122,Instructions,,,,,,,,,,,,,,,,
123,Instruction,,,,,,,,,Return,,,,,,,
124,Instruction,,,,,0,,,,Block,,,,,$B0,,
125,Instruction,,,,,,,,,Const,,i32,1,,,,
126,Instruction,,,,,,,,,Convert,i32.eqz,,,,,,
127,Instruction,,,,,,,,,BrIf,,,,,$B0,,
128,Instruction,,,0,,0,,,,Call,,,,,$__wasm_call_ctors,,
129,Instruction,,,,,0,,,,BeginBlock,,,,,$B0,,
130,Instruction,,,0,,1,,,,Call,,,,,$__original_main,,
131,Instruction,,,1,,0,,,,Call,,,,,$exit,,
132,Instruction,,,,,,,,,Unreachable,,,,,,,
133,Function,$__stpcpy,8,2,1,1,0,0,,,,,,,,,
134,FunctionSignature,,,,,,,,,,,,,,,,
135,Parameters,,,,,,,,,,,,,,,,
136,VarNode,$p0,0,,,,,,i32,,,,,,,,
137,VarNode,$p1,1,,,,,,i32,,,,,,,,
138,Locals,,,,,,,,,,,,,,,,
139,VarNode,$l2,2,,,,,,i32,,,,,,,,
140,Results,,,,,,,,,,,,,,,,
141,VarNode,,0,,,,,,i32,,,,,,,,
142,Instructions,,,,,,,,,,,,,,,,
143,Instruction,,,,,,,,,Return,,,,,,,
144,Instruction,,,,,0,,,,Block,,,,,$B0,,
145,Instruction,,,,,0,,,,Block,,,,,$B1,,
146,Instruction,,,,,,,,,LocalGet,,,,,$p1,,
147,Instruction,,,,,,,,,LocalGet,,,,,$p0,,
148,Instruction,,,,,,,,,Binary,i32.xor,,,,,,
149,Instruction,,,,,,,,,Const,,i32,3,,,,
150,Instruction,,,,,,,,,Binary,i32.and,,,,,,
151,Instruction,,,,,,,,,BrIf,,,,,$B1,,
152,Instruction,,,,,0,,,,Block,,,,,$B2,,
153,Instruction,,,,,,,,,LocalGet,,,,,$p1,,
154,Instruction,,,,,,,,,Const,,i32,3,,,,
155,Instruction,,,,,,,,,Binary,i32.and,,,,,,
156,Instruction,,,,,,,,,Convert,i32.eqz,,,,,,
157,Instruction,,,,,,,,,BrIf,,,,,$B2,,
158,Instruction,,,,,0,,,,Loop,,,,,$L3,,
159,Instruction,,,,,,,,,LocalGet,,,,,$p0,,
160,Instruction,,,,,,,,,LocalGet,,,,,$p1,,
161,Instruction,,,,,,,,,Load,i32.load8_u,,,,,0,
162,Instruction,,,,,,,,,LocalTee,,,,,$l2,,
163,Instruction,,,,,,,,,Store,i32.store8,,,,,0,
164,Instruction,,,,,,,,,LocalGet,,,,,$l2,,
165,Instruction,,,,,,,,,Convert,i32.eqz,,,,,,
166,Instruction,,,,,,,,,BrIf,,,,,$B0,,
167,Instruction,,,,,,,,,LocalGet,,,,,$p0,,
168,Instruction,,,,,,,,,Const,,i32,1,,,,
169,Instruction,,,,,,,,,Binary,i32.add,,,,,,
170,Instruction,,,,,,,,,LocalSet,,,,,$p0,,
171,Instruction,,,,,,,,,LocalGet,,,,,$p1,,
172,Instruction,,,,,,,,,Const,,i32,1,,,,
173,Instruction,,,,,,,,,Binary,i32.add,,,,,,
174,Instruction,,,,,,,,,LocalTee,,,,,$p1,,
175,Instruction,,,,,,,,,Const,,i32,3,,,,
176,Instruction,,,,,,,,,Binary,i32.and,,,,,,
177,Instruction,,,,,,,,,BrIf,,,,,$L3,,
178,Instruction,,,,,0,,,,BeginBlock,,,,,$B2,,
179,Instruction,,,,,,,,,LocalGet,,,,,$p1,,
180,Instruction,,,,,,,,,Load,i32.load,,,,,0,
181,Instruction,,,,,,,,,LocalTee,,,,,$l2,,
182,Instruction,,,,,,,,,Const,,i32,-1,,,,
183,Instruction,,,,,,,,,Binary,i32.xor,,,,,,
184,Instruction,,,,,,,,,LocalGet,,,,,$l2,,
185,Instruction,,,,,,,,,Const,,i32,-16843009,,,,
186,Instruction,,,,,,,,,Binary,i32.add,,,,,,
187,Instruction,,,,,,,,,Binary,i32.and,,,,,,
188,Instruction,,,,,,,,,Const,,i32,-2139062144,,,,
189,Instruction,,,,,,,,,Binary,i32.and,,,,,,
190,Instruction,,,,,,,,,BrIf,,,,,$B1,,
191,Instruction,,,,,0,,,,Loop,,,,,$L4,,
192,Instruction,,,,,,,,,LocalGet,,,,,$p0,,
193,Instruction,,,,,,,,,LocalGet,,,,,$l2,,
194,Instruction,,,,,,,,,Store,i32.store,,,,,0,
195,Instruction,,,,,,,,,LocalGet,,,,,$p1,,
196,Instruction,,,,,,,,,Load,i32.load,,,,,4,
197,Instruction,,,,,,,,,LocalSet,,,,,$l2,,
198,Instruction,,,,,,,,,LocalGet,,,,,$p0,,
199,Instruction,,,,,,,,,Const,,i32,4,,,,
200,Instruction,,,,,,,,,Binary,i32.add,,,,,,
201,Instruction,,,,,,,,,LocalSet,,,,,$p0,,
202,Instruction,,,,,,,,,LocalGet,,,,,$p1,,
203,Instruction,,,,,,,,,Const,,i32,4,,,,
204,Instruction,,,,,,,,,Binary,i32.add,,,,,,
205,Instruction,,,,,,,,,LocalSet,,,,,$p1,,
206,Instruction,,,,,,,,,LocalGet,,,,,$l2,,
207,Instruction,,,,,,,,,Const,,i32,-1,,,,
208,Instruction,,,,,,,,,Binary,i32.xor,,,,,,
209,Instruction,,,,,,,,,LocalGet,,,,,$l2,,
210,Instruction,,,,,,,,,Const,,i32,-16843009,,,,
211,Instruction,,,,,,,,,Binary,i32.add,,,,,,
212,Instruction,,,,,,,,,Binary,i32.and,,,,,,
213,Instruction,,,,,,,,,Const,,i32,-2139062144,,,,
214,Instruction,,,,,,,,,Binary,i32.and,,,,,,
215,Instruction,,,,,,,,,Convert,i32.eqz,,,,,,
216,Instruction,,,,,,,,,BrIf,,,,,$L4,,
217,Instruction,,,,,0,,,,BeginBlock,,,,,$B1,,
218,Instruction,,,,,,,,,LocalGet,,,,,$p0,,
219,Instruction,,,,,,,,,LocalGet,,,,,$p1,,
220,Instruction,,,,,,,,,Load,i32.load8_u,,,,,0,
221,Instruction,,,,,,,,,LocalTee,,,,,$l2,,
222,Instruction,,,,,,,,,Store,i32.store8,,,,,0,
223,Instruction,,,,,,,,,LocalGet,,,,,$l2,,
224,Instruction,,,,,,,,,Convert,i32.eqz,,,,,,
225,Instruction,,,,,,,,,BrIf,,,,,$B0,,
226,Instruction,,,,,0,,,,Loop,,,,,$L5,,
227,Instruction,,,,,,,,,LocalGet,,,,,$p0,,
228,Instruction,,,,,,,,,LocalGet,,,,,$p1,,
229,Instruction,,,,,,,,,Load,i32.load8_u,,,,,1,
230,Instruction,,,,,,,,,LocalTee,,,,,$l2,,
231,Instruction,,,,,,,,,Store,i32.store8,,,,,1,
232,Instruction,,,,,,,,,LocalGet,,,,,$p0,,
233,Instruction,,,,,,,,,Const,,i32,1,,,,
234,Instruction,,,,,,,,,Binary,i32.add,,,,,,
235,Instruction,,,,,,,,,LocalSet,,,,,$p0,,
236,Instruction,,,,,,,,,LocalGet,,,,,$p1,,
237,Instruction,,,,,,,,,Const,,i32,1,,,,
238,Instruction,,,,,,,,,Binary,i32.add,,,,,,
239,Instruction,,,,,,,,,LocalSet,,,,,$p1,,
240,Instruction,,,,,,,,,LocalGet,,,,,$l2,,
241,Instruction,,,,,,,,,BrIf,,,,,$L5,,
242,Instruction,,,,,0,,,,BeginBlock,,,,,$B0,,
243,Instruction,,,,,,,,,LocalGet,,,,,$p0,,
244,Function,$strcpy,9,2,0,1,0,0,,,,,,,,,
245,FunctionSignature,,,,,,,,,,,,,,,,
246,Parameters,,,,,,,,,,,,,,,,
247,VarNode,$p0,0,,,,,,i32,,,,,,,,
248,VarNode,$p1,1,,,,,,i32,,,,,,,,
249,Results,,,,,,,,,,,,,,,,
250,VarNode,,0,,,,,,i32,,,,,,,,
251,Instructions,,,,,,,,,,,,,,,,
252,Instruction,,,,,,,,,Return,,,,,,,
253,Instruction,,,,,,,,,LocalGet,,,,,$p0,,
254,Instruction,,,,,,,,,LocalGet,,,,,$p1,,
255,Instruction,,,2,,1,,,,Call,,,,,$__stpcpy,,
256,Instruction,,,,,,,,,Drop,,,,,,,
257,Instruction,,,,,,,,,LocalGet,,,,,$p0,,
258,Function,$__original_main,10,0,0,1,0,0,,,,,,,,,
259,FunctionSignature,,,,,,,,,,,,,,,,
260,Results,,,,,,,,,,,,,,,,
261,VarNode,,0,,,,,,i32,,,,,,,,
262,Instructions,,,,,,,,,,,,,,,,
263,Instruction,,,,,,,,,Return,,,,,,,
264,Instruction,,,0,,1,,,,Call,,,,,$__main_void,,
265,Function,$__main_void,11,0,4,1,0,0,,,,,,,,,
266,FunctionSignature,,,,,,,,,,,,,,,,
267,Locals,,,,,,,,,,,,,,,,
268,VarNode,$l0,0,,,,,,i32,,,,,,,,
269,VarNode,$l1,1,,,,,,i32,,,,,,,,
270,VarNode,$l2,2,,,,,,i32,,,,,,,,
271,VarNode,$l3,3,,,,,,i32,,,,,,,,
272,Results,,,,,,,,,,,,,,,,
273,VarNode,,0,,,,,,i32,,,,,,,,
274,Instructions,,,,,,,,,,,,,,,,
275,Instruction,,,,,,,,,Return,,,,,,,
276,Instruction,,,,,,,,,GlobalGet,,,,,$g0,,
277,Instruction,,,,,,,,,Const,,i32,16,,,,
278,Instruction,,,,,,,,,Binary,i32.sub,,,,,,
279,Instruction,,,,,,,,,LocalTee,,,,,$l0,,
280,Instruction,,,,,,,,,GlobalSet,,,,,$g0,,
281,Instruction,,,,,0,,,,Block,,,,,$B0,,
282,Instruction,,,,,0,,,,Block,,,,,$B1,,
283,Instruction,,,,,,,,,LocalGet,,,,,$l0,,
284,Instruction,,,,,,,,,LocalTee,,,,,$l1,,
285,Instruction,,,,,,,,,Const,,i32,12,,,,
286,Instruction,,,,,,,,,Binary,i32.add,,,,,,
287,Instruction,,,,,,,,,LocalGet,,,,,$l1,,
288,Instruction,,,,,,,,,Const,,i32,8,,,,
289,Instruction,,,,,,,,,Binary,i32.add,,,,,,
290,Instruction,,,2,,1,,,,Call,,,,,$__wasi_args_sizes_get,,
291,Instruction,,,,,,,,,BrIf,,,,,$B1,,
292,Instruction,,,,,0,,,,Block,,,,,$B2,,
293,Instruction,,,,,0,,,,Block,,,,,$B3,,
294,Instruction,,,,,,,,,LocalGet,,,,,$l1,,
295,Instruction,,,,,,,,,Load,i32.load,,,,,12,
296,Instruction,,,,,,,,,LocalTee,,,,,$l2,,
297,Instruction,,,,,,,,,BrIf,,,,,$B3,,
298,Instruction,,,,,,,,,Const,,i32,0,,,,
299,Instruction,,,,,,,,,LocalSet,,,,,$l2,,
300,Instruction,,,,,,,,,Br,,,,,$B2,,
301,Instruction,,,,,0,,,,BeginBlock,,,,,$B3,,
302,Instruction,,,,,,,,,LocalGet,,,,,$l0,,
303,Instruction,,,,,,,,,LocalGet,,,,,$l2,,
304,Instruction,,,,,,,,,Const,,i32,2,,,,
305,Instruction,,,,,,,,,Binary,i32.shl,,,,,,
306,Instruction,,,,,,,,,LocalTee,,,,,$l2,,
307,Instruction,,,,,,,,,Const,,i32,19,,,,
308,Instruction,,,,,,,,,Binary,i32.add,,,,,,
309,Instruction,,,,,,,,,Const,,i32,-16,,,,
310,Instruction,,,,,,,,,Binary,i32.and,,,,,,
311,Instruction,,,,,,,,,Binary,i32.sub,,,,,,
312,Instruction,,,,,,,,,LocalTee,,,,,$l0,,
313,Instruction,,,,,,,,,LocalTee,,,,,$l3,,
314,Instruction,,,,,,,,,GlobalSet,,,,,$g0,,
315,Instruction,,,,,,,,,LocalGet,,,,,$l3,,
316,Instruction,,,,,,,,,LocalGet,,,,,$l1,,
317,Instruction,,,,,,,,,Load,i32.load,,,,,8,
318,Instruction,,,,,,,,,Const,,i32,15,,,,
319,Instruction,,,,,,,,,Binary,i32.add,,,,,,
320,Instruction,,,,,,,,,Const,,i32,-16,,,,
321,Instruction,,,,,,,,,Binary,i32.and,,,,,,
322,Instruction,,,,,,,,,Binary,i32.sub,,,,,,
323,Instruction,,,,,,,,,LocalTee,,,,,$l3,,
324,Instruction,,,,,,,,,GlobalSet,,,,,$g0,,
325,Instruction,,,,,,,,,LocalGet,,,,,$l0,,
326,Instruction,,,,,,,,,LocalGet,,,,,$l2,,
327,Instruction,,,,,,,,,Binary,i32.add,,,,,,
328,Instruction,,,,,,,,,Const,,i32,0,,,,
329,Instruction,,,,,,,,,Store,i32.store,,,,,0,
330,Instruction,,,,,,,,,LocalGet,,,,,$l0,,
331,Instruction,,,,,,,,,LocalGet,,,,,$l3,,
332,Instruction,,,2,,1,,,,Call,,,,,$__wasi_args_get,,
333,Instruction,,,,,,,,,BrIf,,,,,$B0,,
334,Instruction,,,,,,,,,LocalGet,,,,,$l1,,
335,Instruction,,,,,,,,,Load,i32.load,,,,,12,
336,Instruction,,,,,,,,,LocalSet,,,,,$l2,,
337,Instruction,,,,,0,,,,BeginBlock,,,,,$B2,,
338,Instruction,,,,,,,,,LocalGet,,,,,$l2,,
339,Instruction,,,,,,,,,LocalGet,,,,,$l0,,
340,Instruction,,,2,,1,,,,Call,,,,,$main.1,,
341,Instruction,,,,,,,,,LocalSet,,,,,$l0,,
342,Instruction,,,,,,,,,LocalGet,,,,,$l1,,
343,Instruction,,,,,,,,,Const,,i32,16,,,,
344,Instruction,,,,,,,,,Binary,i32.add,,,,,,
345,Instruction,,,,,,,,,GlobalSet,,,,,$g0,,
346,Instruction,,,,,,,,,LocalGet,,,,,$l0,,
347,Instruction,,,,,,,,,Return,,,,,,,
348,Instruction,,,,,0,,,,BeginBlock,,,,,$B1,,
349,Instruction,,,,,,,,,Const,,i32,71,,,,
350,Instruction,,,1,,0,,,,Call,,,,,$__wasi_proc_exit,,
351,Instruction,,,,,,,,,Unreachable,,,,,,,
352,Instruction,,,,,0,,,,BeginBlock,,,,,$B0,,
353,Instruction,,,,,,,,,Const,,i32,71,,,,
354,Instruction,,,1,,0,,,,Call,,,,,$__wasi_proc_exit,,
355,Instruction,,,,,,,,,Unreachable,,,,,,,
356,Function,$main.1,12,2,0,1,0,0,,,,,,,,,
357,FunctionSignature,,,,,,,,,,,,,,,,
358,Parameters,,,,,,,,,,,,,,,,
359,VarNode,$p0,0,,,,,,i32,,,,,,,,
360,VarNode,$p1,1,,,,,,i32,,,,,,,,
361,Results,,,,,,,,,,,,,,,,
362,VarNode,,0,,,,,,i32,,,,,,,,
363,Instructions,,,,,,,,,,,,,,,,
364,Instruction,,,,,,,,,Return,,,,,,,
365,Instruction,,,,,,,,,LocalGet,,,,,$p0,,
366,Instruction,,,,,,,,,LocalGet,,,,,$p1,,
367,Instruction,,,2,,1,,,,Call,,,,,$main,,
368,Function,$__errno_location,13,0,0,1,1,1,,,,,,,,,
369,FunctionSignature,,,,,,,,,,,,,,,,
370,Results,,,,,,,,,,,,,,,,
371,VarNode,,0,,,,,,i32,,,,,,,,
372,Instructions,,,,,,,,,,,,,,,,
373,Instruction,,,,,,,,,Return,,,,,,,
374,Instruction,,,,,,,,,Const,,i32,1124,,,,
375,Function,$_Exit,14,1,0,0,0,0,,,,,,,,,
376,FunctionSignature,,,,,,,,,,,,,,,,
377,Parameters,,,,,,,,,,,,,,,,
378,VarNode,$p0,0,,,,,,i32,,,,,,,,
379,Instructions,,,,,,,,,,,,,,,,
380,Instruction,,,,,,,,,Return,,,,,,,
381,Instruction,,,,,,,,,LocalGet,,,,,$p0,,
382,Instruction,,,1,,0,,,,Call,,,,,$__wasi_proc_exit,,
383,Instruction,,,,,,,,,Unreachable,,,,,,,
384,Function,$libc_exit_fini,15,0,1,0,0,0,,,,,,,,,
385,FunctionSignature,,,,,,,,,,,,,,,,
386,Locals,,,,,,,,,,,,,,,,
387,VarNode,$l0,0,,,,,,i32,,,,,,,,
388,Instructions,,,,,,,,,,,,,,,,
389,Instruction,,,,,,,,,Return,,,,,,,
390,Instruction,,,,,,,,,Const,,i32,0,,,,
391,Instruction,,,,,,,,,LocalSet,,,,,$l0,,
392,Instruction,,,,,0,,,,Block,,,,,$B0,,
393,Instruction,,,,,,,,,Const,,i32,0,,,,
394,Instruction,,,,,,,,,Const,,i32,0,,,,
395,Instruction,,,,,,,,,Compare,i32.le_u,,,,,,
396,Instruction,,,,,,,,,BrIf,,,,,$B0,,
397,Instruction,,,,,0,,,,Loop,,,,,$L1,,
398,Instruction,,,,,,,,,LocalGet,,,,,$l0,,
399,Instruction,,,,,,,,,Const,,i32,-4,,,,
400,Instruction,,,,,,,,,Binary,i32.add,,,,,,
401,Instruction,,,,,,,,,LocalTee,,,,,$l0,,
402,Instruction,,,,,,,,,Load,i32.load,,,,,0,
403,Instruction,,,1,,0,,,,CallIndirect,,,,,$__indirect_function_table,,
404,Instruction,,,,,,,,,LocalGet,,,,,$l0,,
405,Instruction,,,,,,,,,Const,,i32,0,,,,
406,Instruction,,,,,,,,,Compare,i32.gt_u,,,,,,
407,Instruction,,,,,,,,,BrIf,,,,,$L1,,
408,Instruction,,,,,0,,,,BeginBlock,,,,,$B0,,
409,Instruction,,,0,,0,,,,Call,,,,,$_fini,,
410,Function,$exit,16,1,0,0,0,0,,,,,,,,,
411,FunctionSignature,,,,,,,,,,,,,,,,
412,Parameters,,,,,,,,,,,,,,,,
413,VarNode,$p0,0,,,,,,i32,,,,,,,,
414,Instructions,,,,,,,,,,,,,,,,
415,Instruction,,,,,,,,,Return,,,,,,,
416,Instruction,,,0,,0,,,,Call,,,,,$_fini,,
417,Instruction,,,0,,0,,,,Call,,,,,$libc_exit_fini,,
418,Instruction,,,0,,0,,,,Call,,,,,$_fini,,
419,Instruction,,,,,,,,,LocalGet,,,,,$p0,,
420,Instruction,,,1,,0,,,,Call,,,,,$_Exit,,
421,Instruction,,,,,,,,,Unreachable,,,,,,,
422,Function,$_fini,17,0,0,0,0,0,,,,,,,,,
423,FunctionSignature,,,,,,,,,,,,,,,,
424,Instructions,,,,,,,,,,,,,,,,
425,Instruction,,,,,,,,,Return,,,,,,,
426,Function,$strlen,18,1,3,1,0,0,,,,,,,,,
427,FunctionSignature,,,,,,,,,,,,,,,,
428,Parameters,,,,,,,,,,,,,,,,
429,VarNode,$p0,0,,,,,,i32,,,,,,,,
430,Locals,,,,,,,,,,,,,,,,
431,VarNode,$l1,1,,,,,,i32,,,,,,,,
432,VarNode,$l2,2,,,,,,i32,,,,,,,,
433,VarNode,$l3,3,,,,,,i32,,,,,,,,
434,Results,,,,,,,,,,,,,,,,
435,VarNode,,0,,,,,,i32,,,,,,,,
436,Instructions,,,,,,,,,,,,,,,,
437,Instruction,,,,,,,,,Return,,,,,,,
438,Instruction,,,,,,,,,LocalGet,,,,,$p0,,
439,Instruction,,,,,,,,,LocalSet,,,,,$l1,,
440,Instruction,,,,,0,,,,Block,,,,,$B0,,
441,Instruction,,,,,0,,,,Block,,,,,$B1,,
442,Instruction,,,,,,,,,LocalGet,,,,,$p0,,
443,Instruction,,,,,,,,,Const,,i32,3,,,,
444,Instruction,,,,,,,,,Binary,i32.and,,,,,,
445,Instruction,,,,,,,,,Convert,i32.eqz,,,,,,
446,Instruction,,,,,,,,,BrIf,,,,,$B1,,
447,Instruction,,,,,0,,,,Block,,,,,$B2,,
448,Instruction,,,,,,,,,LocalGet,,,,,$p0,,
449,Instruction,,,,,,,,,Load,i32.load8_u,,,,,0,
450,Instruction,,,,,,,,,BrIf,,,,,$B2,,
451,Instruction,,,,,,,,,LocalGet,,,,,$p0,,
452,Instruction,,,,,,,,,LocalGet,,,,,$p0,,
453,Instruction,,,,,,,,,Binary,i32.sub,,,,,,
454,Instruction,,,,,,,,,Return,,,,,,,
455,Instruction,,,,,0,,,,BeginBlock,,,,,$B2,,
456,Instruction,,,,,,,,,LocalGet,,,,,$p0,,
457,Instruction,,,,,,,,,LocalSet,,,,,$l1,,
458,Instruction,,,,,0,,,,Loop,,,,,$L3,,
459,Instruction,,,,,,,,,LocalGet,,,,,$l1,,
460,Instruction,,,,,,,,,Const,,i32,1,,,,
461,Instruction,,,,,,,,,Binary,i32.add,,,,,,
462,Instruction,,,,,,,,,LocalTee,,,,,$l1,,
463,Instruction,,,,,,,,,Const,,i32,3,,,,
464,Instruction,,,,,,,,,Binary,i32.and,,,,,,
465,Instruction,,,,,,,,,Convert,i32.eqz,,,,,,
466,Instruction,,,,,,,,,BrIf,,,,,$B1,,
467,Instruction,,,,,,,,,LocalGet,,,,,$l1,,
468,Instruction,,,,,,,,,Load,i32.load8_u,,,,,0,
469,Instruction,,,,,,,,,Convert,i32.eqz,,,,,,
470,Instruction,,,,,,,,,BrIf,,,,,$B0,,
471,Instruction,,,,,,,,,Br,,,,,$L3,,
472,Instruction,,,,,,,,,Unreachable,,,,,,,
473,Instruction,,,,,0,,,,BeginBlock,,,,,$B1,,
474,Instruction,,,,,0,,,,Loop,,,,,$L4,,
475,Instruction,,,,,,,,,LocalGet,,,,,$l1,,
476,Instruction,,,,,,,,,LocalTee,,,,,$l2,,
477,Instruction,,,,,,,,,Const,,i32,4,,,,
478,Instruction,,,,,,,,,Binary,i32.add,,,,,,
479,Instruction,,,,,,,,,LocalSet,,,,,$l1,,
480,Instruction,,,,,,,,,LocalGet,,,,,$l2,,
481,Instruction,,,,,,,,,Load,i32.load,,,,,0,
482,Instruction,,,,,,,,,LocalTee,,,,,$l3,,
483,Instruction,,,,,,,,,Const,,i32,-1,,,,
484,Instruction,,,,,,,,,Binary,i32.xor,,,,,,
485,Instruction,,,,,,,,,LocalGet,,,,,$l3,,
486,Instruction,,,,,,,,,Const,,i32,-16843009,,,,
487,Instruction,,,,,,,,,Binary,i32.add,,,,,,
488,Instruction,,,,,,,,,Binary,i32.and,,,,,,
489,Instruction,,,,,,,,,Const,,i32,-2139062144,,,,
490,Instruction,,,,,,,,,Binary,i32.and,,,,,,
491,Instruction,,,,,,,,,Convert,i32.eqz,,,,,,
492,Instruction,,,,,,,,,BrIf,,,,,$L4,,
493,Instruction,,,,,0,,,,Block,,,,,$B5,,
494,Instruction,,,,,,,,,LocalGet,,,,,$l3,,
495,Instruction,,,,,,,,,Const,,i32,255,,,,
496,Instruction,,,,,,,,,Binary,i32.and,,,,,,
497,Instruction,,,,,,,,,BrIf,,,,,$B5,,
498,Instruction,,,,,,,,,LocalGet,,,,,$l2,,
499,Instruction,,,,,,,,,LocalGet,,,,,$p0,,
500,Instruction,,,,,,,,,Binary,i32.sub,,,,,,
501,Instruction,,,,,,,,,Return,,,,,,,
502,Instruction,,,,,0,,,,BeginBlock,,,,,$B5,,
503,Instruction,,,,,0,,,,Loop,,,,,$L6,,
504,Instruction,,,,,,,,,LocalGet,,,,,$l2,,
505,Instruction,,,,,,,,,Load,i32.load8_u,,,,,1,
506,Instruction,,,,,,,,,LocalSet,,,,,$l3,,
507,Instruction,,,,,,,,,LocalGet,,,,,$l2,,
508,Instruction,,,,,,,,,Const,,i32,1,,,,
509,Instruction,,,,,,,,,Binary,i32.add,,,,,,
510,Instruction,,,,,,,,,LocalTee,,,,,$l1,,
511,Instruction,,,,,,,,,LocalSet,,,,,$l2,,
512,Instruction,,,,,,,,,LocalGet,,,,,$l3,,
513,Instruction,,,,,,,,,BrIf,,,,,$L6,,
514,Instruction,,,,,0,,,,BeginBlock,,,,,$B0,,
515,Instruction,,,,,,,,,LocalGet,,,,,$l1,,
516,Instruction,,,,,,,,,LocalGet,,,,,$p0,,
517,Instruction,,,,,,,,,Binary,i32.sub,,,,,,
518,Function,$stackSave,19,0,0,1,1,1,,,,,,,,,
519,FunctionSignature,,,,,,,,,,,,,,,,
520,Results,,,,,,,,,,,,,,,,
521,VarNode,,0,,,,,,i32,,,,,,,,
522,Instructions,,,,,,,,,,,,,,,,
523,Instruction,,,,,,,,,Return,,,,,,,
524,Instruction,,,,,,,,,GlobalGet,,,,,$g0,,
525,Function,$stackRestore,20,1,0,0,1,1,,,,,,,,,
526,FunctionSignature,,,,,,,,,,,,,,,,
527,Parameters,,,,,,,,,,,,,,,,
528,VarNode,$p0,0,,,,,,i32,,,,,,,,
529,Instructions,,,,,,,,,,,,,,,,
530,Instruction,,,,,,,,,Return,,,,,,,
531,Instruction,,,,,,,,,LocalGet,,,,,$p0,,
532,Instruction,,,,,,,,,GlobalSet,,,,,$g0,,
533,Function,$stackAlloc,21,1,2,1,1,1,,,,,,,,,
534,FunctionSignature,,,,,,,,,,,,,,,,
535,Parameters,,,,,,,,,,,,,,,,
536,VarNode,$p0,0,,,,,,i32,,,,,,,,
537,Locals,,,,,,,,,,,,,,,,
538,VarNode,$l1,1,,,,,,i32,,,,,,,,
539,VarNode,$l2,2,,,,,,i32,,,,,,,,
540,Results,,,,,,,,,,,,,,,,
541,VarNode,,0,,,,,,i32,,,,,,,,
542,Instructions,,,,,,,,,,,,,,,,
543,Instruction,,,,,,,,,Return,,,,,,,
544,Instruction,,,,,,,,,GlobalGet,,,,,$g0,,
545,Instruction,,,,,,,,,LocalGet,,,,,$p0,,
546,Instruction,,,,,,,,,Binary,i32.sub,,,,,,
547,Instruction,,,,,,,,,Const,,i32,-16,,,,
548,Instruction,,,,,,,,,Binary,i32.and,,,,,,
549,Instruction,,,,,,,,,LocalTee,,,,,$l1,,
550,Instruction,,,,,,,,,GlobalSet,,,,,$g0,,
551,Instruction,,,,,,,,,LocalGet,,,,,$l1,,
552,Function,$__lockfile,22,1,0,1,0,0,,,,,,,,,
553,FunctionSignature,,,,,,,,,,,,,,,,
554,Parameters,,,,,,,,,,,,,,,,
555,VarNode,$p0,0,,,,,,i32,,,,,,,,
556,Results,,,,,,,,,,,,,,,,
557,VarNode,,0,,,,,,i32,,,,,,,,
558,Instructions,,,,,,,,,,,,,,,,
559,Instruction,,,,,,,,,Return,,,,,,,
560,Instruction,,,,,,,,,Const,,i32,1,,,,
561,Function,$__unlockfile,23,1,0,0,0,0,,,,,,,,,
562,FunctionSignature,,,,,,,,,,,,,,,,
563,Parameters,,,,,,,,,,,,,,,,
564,VarNode,$p0,0,,,,,,i32,,,,,,,,
565,Instructions,,,,,,,,,,,,,,,,
566,Instruction,,,,,,,,,Return,,,,,,,
567,Function,$__lock,24,1,0,0,0,0,,,,,,,,,
568,FunctionSignature,,,,,,,,,,,,,,,,
569,Parameters,,,,,,,,,,,,,,,,
570,VarNode,$p0,0,,,,,,i32,,,,,,,,
571,Instructions,,,,,,,,,,,,,,,,
572,Instruction,,,,,,,,,Return,,,,,,,
573,Function,$__unlock,25,1,0,0,0,0,,,,,,,,,
574,FunctionSignature,,,,,,,,,,,,,,,,
575,Parameters,,,,,,,,,,,,,,,,
576,VarNode,$p0,0,,,,,,i32,,,,,,,,
577,Instructions,,,,,,,,,,,,,,,,
578,Instruction,,,,,,,,,Return,,,,,,,
579,Function,$__ofl_lock,26,0,0,1,0,0,,,,,,,,,
580,FunctionSignature,,,,,,,,,,,,,,,,
581,Results,,,,,,,,,,,,,,,,
582,VarNode,,0,,,,,,i32,,,,,,,,
583,Instructions,,,,,,,,,,,,,,,,
584,Instruction,,,,,,,,,Return,,,,,,,
585,Instruction,,,,,,,,,Const,,i32,1128,,,,
586,Instruction,,,1,,0,,,,Call,,,,,$__lock,,
587,Instruction,,,,,,,,,Const,,i32,1136,,,,
588,Function,$__ofl_unlock,27,0,0,0,0,0,,,,,,,,,
589,FunctionSignature,,,,,,,,,,,,,,,,
590,Instructions,,,,,,,,,,,,,,,,
591,Instruction,,,,,,,,,Return,,,,,,,
592,Instruction,,,,,,,,,Const,,i32,1128,,,,
593,Instruction,,,1,,0,,,,Call,,,,,$__unlock,,
594,Function,$fflush,28,1,2,1,1,1,,,,,,,,,
595,FunctionSignature,,,,,,,,,,,,,,,,
596,Parameters,,,,,,,,,,,,,,,,
597,VarNode,$p0,0,,,,,,i32,,,,,,,,
598,Locals,,,,,,,,,,,,,,,,
599,VarNode,$l1,1,,,,,,i32,,,,,,,,
600,VarNode,$l2,2,,,,,,i32,,,,,,,,
601,Results,,,,,,,,,,,,,,,,
602,VarNode,,0,,,,,,i32,,,,,,,,
603,Instructions,,,,,,,,,,,,,,,,
604,Instruction,,,,,,,,,Return,,,,,,,
605,Instruction,,,,,0,,,,Block,,,,,$B0,,
606,Instruction,,,,,0,,,,Block,,,,,$B1,,
607,Instruction,,,,,,,,,LocalGet,,,,,$p0,,
608,Instruction,,,,,,,,,Convert,i32.eqz,,,,,,
609,Instruction,,,,,,,,,BrIf,,,,,$B1,,
610,Instruction,,,,,0,,,,Block,,,,,$B2,,
611,Instruction,,,,,,,,,LocalGet,,,,,$p0,,
612,Instruction,,,,,,,,,Load,i32.load,,,,,76,
613,Instruction,,,,,,,,,Const,,i32,-1,,,,
614,Instruction,,,,,,,,,Compare,i32.gt_s,,,,,,
615,Instruction,,,,,,,,,BrIf,,,,,$B2,,
616,Instruction,,,,,,,,,LocalGet,,,,,$p0,,
617,Instruction,,,1,,1,,,,Call,,,,,$__fflush_unlocked,,
618,Instruction,,,,,,,,,Return,,,,,,,
619,Instruction,,,,,0,,,,BeginBlock,,,,,$B2,,
620,Instruction,,,,,,,,,LocalGet,,,,,$p0,,
621,Instruction,,,1,,1,,,,Call,,,,,$__lockfile,,
622,Instruction,,,,,,,,,LocalSet,,,,,$l1,,
623,Instruction,,,,,,,,,LocalGet,,,,,$p0,,
624,Instruction,,,1,,1,,,,Call,,,,,$__fflush_unlocked,,
625,Instruction,,,,,,,,,LocalSet,,,,,$l2,,
626,Instruction,,,,,,,,,LocalGet,,,,,$l1,,
627,Instruction,,,,,,,,,Convert,i32.eqz,,,,,,
628,Instruction,,,,,,,,,BrIf,,,,,$B0,,
629,Instruction,,,,,,,,,LocalGet,,,,,$p0,,
630,Instruction,,,1,,0,,,,Call,,,,,$__unlockfile,,
631,Instruction,,,,,,,,,LocalGet,,,,,$l2,,
632,Instruction,,,,,,,,,Return,,,,,,,
633,Instruction,,,,,0,,,,BeginBlock,,,,,$B1,,
634,Instruction,,,,,,,,,Const,,i32,0,,,,
635,Instruction,,,,,,,,,LocalSet,,,,,$l2,,
636,Instruction,,,,,0,,,,Block,,,,,$B3,,
637,Instruction,,,,,,,,,Const,,i32,0,,,,
638,Instruction,,,,,,,,,Load,i32.load,,,,,1140,
639,Instruction,,,,,,,,,Convert,i32.eqz,,,,,,
640,Instruction,,,,,,,,,BrIf,,,,,$B3,,
641,Instruction,,,,,,,,,Const,,i32,0,,,,
642,Instruction,,,,,,,,,Load,i32.load,,,,,1140,
643,Instruction,,,1,,1,,,,Call,,,,,$fflush,,
644,Instruction,,,,,,,,,LocalSet,,,,,$l2,,
645,Instruction,,,,,0,,,,BeginBlock,,,,,$B3,,
646,Instruction,,,,,0,,,,Block,,,,,$B4,,
647,Instruction,,,0,,1,,,,Call,,,,,$__ofl_lock,,
648,Instruction,,,,,,,,,Load,i32.load,,,,,0,
649,Instruction,,,,,,,,,LocalTee,,,,,$p0,,
650,Instruction,,,,,,,,,Convert,i32.eqz,,,,,,
651,Instruction,,,,,,,,,BrIf,,,,,$B4,,
652,Instruction,,,,,0,,,,Loop,,,,,$L5,,
653,Instruction,,,,,,,,,Const,,i32,0,,,,
654,Instruction,,,,,,,,,LocalSet,,,,,$l1,,
655,Instruction,,,,,0,,,,Block,,,,,$B6,,
656,Instruction,,,,,,,,,LocalGet,,,,,$p0,,
657,Instruction,,,,,,,,,Load,i32.load,,,,,76,
658,Instruction,,,,,,,,,Const,,i32,0,,,,
659,Instruction,,,,,,,,,Compare,i32.lt_s,,,,,,
660,Instruction,,,,,,,,,BrIf,,,,,$B6,,
661,Instruction,,,,,,,,,LocalGet,,,,,$p0,,
662,Instruction,,,1,,1,,,,Call,,,,,$__lockfile,,
663,Instruction,,,,,,,,,LocalSet,,,,,$l1,,
664,Instruction,,,,,0,,,,BeginBlock,,,,,$B6,,
665,Instruction,,,,,0,,,,Block,,,,,$B7,,
666,Instruction,,,,,,,,,LocalGet,,,,,$p0,,
667,Instruction,,,,,,,,,Load,i32.load,,,,,20,
668,Instruction,,,,,,,,,LocalGet,,,,,$p0,,
669,Instruction,,,,,,,,,Load,i32.load,,,,,28,
670,Instruction,,,,,,,,,Compare,i32.le_u,,,,,,
671,Instruction,,,,,,,,,BrIf,,,,,$B7,,
672,Instruction,,,,,,,,,LocalGet,,,,,$p0,,
673,Instruction,,,1,,1,,,,Call,,,,,$__fflush_unlocked,,
674,Instruction,,,,,,,,,LocalGet,,,,,$l2,,
675,Instruction,,,,,,,,,Binary,i32.or,,,,,,
676,Instruction,,,,,,,,,LocalSet,,,,,$l2,,
677,Instruction,,,,,0,,,,BeginBlock,,,,,$B7,,
678,Instruction,,,,,0,,,,Block,,,,,$B8,,
679,Instruction,,,,,,,,,LocalGet,,,,,$l1,,
680,Instruction,,,,,,,,,Convert,i32.eqz,,,,,,
681,Instruction,,,,,,,,,BrIf,,,,,$B8,,
682,Instruction,,,,,,,,,LocalGet,,,,,$p0,,
683,Instruction,,,1,,0,,,,Call,,,,,$__unlockfile,,
684,Instruction,,,,,0,,,,BeginBlock,,,,,$B8,,
685,Instruction,,,,,,,,,LocalGet,,,,,$p0,,
686,Instruction,,,,,,,,,Load,i32.load,,,,,56,
687,Instruction,,,,,,,,,LocalTee,,,,,$p0,,
688,Instruction,,,,,,,,,BrIf,,,,,$L5,,
689,Instruction,,,,,0,,,,BeginBlock,,,,,$B4,,
690,Instruction,,,0,,0,,,,Call,,,,,$__ofl_unlock,,
691,Instruction,,,,,0,,,,BeginBlock,,,,,$B0,,
692,Instruction,,,,,,,,,LocalGet,,,,,$l2,,
693,Function,$__fflush_unlocked,29,1,2,1,0,0,,,,,,,,,
694,FunctionSignature,,,,,,,,,,,,,,,,
695,Parameters,,,,,,,,,,,,,,,,
696,VarNode,$p0,0,,,,,,i32,,,,,,,,
697,Locals,,,,,,,,,,,,,,,,
698,VarNode,$l1,1,,,,,,i32,,,,,,,,
699,VarNode,$l2,2,,,,,,i32,,,,,,,,
700,Results,,,,,,,,,,,,,,,,
701,VarNode,,0,,,,,,i32,,,,,,,,
702,Instructions,,,,,,,,,,,,,,,,
703,Instruction,,,,,,,,,Return,,,,,,,
704,Instruction,,,,,0,,,,Block,,,,,$B0,,
705,Instruction,,,,,,,,,LocalGet,,,,,$p0,,
706,Instruction,,,,,,,,,Load,i32.load,,,,,20,
707,Instruction,,,,,,,,,LocalGet,,,,,$p0,,
708,Instruction,,,,,,,,,Load,i32.load,,,,,28,
709,Instruction,,,,,,,,,Compare,i32.le_u,,,,,,
710,Instruction,,,,,,,,,BrIf,,,,,$B0,,
711,Instruction,,,,,,,,,LocalGet,,,,,$p0,,
712,Instruction,,,,,,,,,Const,,i32,0,,,,
713,Instruction,,,,,,,,,Const,,i32,0,,,,
714,Instruction,,,,,,,,,LocalGet,,,,,$p0,,
715,Instruction,,,,,,,,,Load,i32.load,,,,,36,
716,Instruction,,,4,,1,,,,CallIndirect,,,,,$__indirect_function_table,,
717,Instruction,,,,,,,,,Drop,,,,,,,
718,Instruction,,,,,,,,,LocalGet,,,,,$p0,,
719,Instruction,,,,,,,,,Load,i32.load,,,,,20,
720,Instruction,,,,,,,,,BrIf,,,,,$B0,,
721,Instruction,,,,,,,,,Const,,i32,-1,,,,
722,Instruction,,,,,,,,,Return,,,,,,,
723,Instruction,,,,,0,,,,BeginBlock,,,,,$B0,,
724,Instruction,,,,,0,,,,Block,,,,,$B1,,
725,Instruction,,,,,,,,,LocalGet,,,,,$p0,,
726,Instruction,,,,,,,,,Load,i32.load,,,,,4,
727,Instruction,,,,,,,,,LocalTee,,,,,$l1,,
728,Instruction,,,,,,,,,LocalGet,,,,,$p0,,
729,Instruction,,,,,,,,,Load,i32.load,,,,,8,
730,Instruction,,,,,,,,,LocalTee,,,,,$l2,,
731,Instruction,,,,,,,,,Compare,i32.ge_u,,,,,,
732,Instruction,,,,,,,,,BrIf,,,,,$B1,,
733,Instruction,,,,,,,,,LocalGet,,,,,$p0,,
734,Instruction,,,,,,,,,LocalGet,,,,,$l1,,
735,Instruction,,,,,,,,,LocalGet,,,,,$l2,,
736,Instruction,,,,,,,,,Binary,i32.sub,,,,,,
737,Instruction,,,,,,,,,Convert,i64.extend_i32_s,,,,,,
738,Instruction,,,,,,,,,Const,,i32,1,,,,
739,Instruction,,,,,,,,,LocalGet,,,,,$p0,,
740,Instruction,,,,,,,,,Load,i32.load,,,,,40,
741,Instruction,,,4,,1,,,,CallIndirect,,,,,$__indirect_function_table,,
742,Instruction,,,,,,,,,Drop,,,,,,,
743,Instruction,,,,,0,,,,BeginBlock,,,,,$B1,,
744,Instruction,,,,,,,,,LocalGet,,,,,$p0,,
745,Instruction,,,,,,,,,Const,,i32,0,,,,
746,Instruction,,,,,,,,,Store,i32.store,,,,,28,
747,Instruction,,,,,,,,,LocalGet,,,,,$p0,,
748,Instruction,,,,,,,,,Const,,i64,0,,,,
749,Instruction,,,,,,,,,Store,i64.store,,,,,16,
750,Instruction,,,,,,,,,LocalGet,,,,,$p0,,
751,Instruction,,,,,,,,,Const,,i64,0,,,,
752,Instruction,,,,,,,,,Store,i64.store,,,,,4,
753,Instruction,,,,,,,,,Const,,i32,0,,,,
754,Trap,,,,,,,,,,,,,,,,
755,Instruction,,,,,0,,,,EndLoop,,,,,$L3,,
756,Instruction,,,,,0,,,,EndLoop,,,,,$L4,,
