0,Module,,,,,,,,,,,,,,,,
1,Function,$__wasi_args_sizes_get,0,2,0,1,0,0,,,,,,,,,
2,FunctionSignature,,,,,,,,,,,,,,,,
3,Parameters,,,,,,,,,,,,,,,,
4,VarNode,$p0,0,,,,,,i32,,,,,,,,
5,VarNode,$p1,1,,,,,,i32,,,,,,,,
6,Results,,,,,,,,,,,,,,,,
7,VarNode,,0,,,,,,i32,,,,,,,,
8,Function,$__wasi_args_get,1,2,0,1,0,0,,,,,,,,,
9,FunctionSignature,,,,,,,,,,,,,,,,
10,Parameters,,,,,,,,,,,,,,,,
11,VarNode,$p0,0,,,,,,i32,,,,,,,,
12,VarNode,$p1,1,,,,,,i32,,,,,,,,
13,Results,,,,,,,,,,,,,,,,
14,VarNode,,0,,,,,,i32,,,,,,,,
15,Function,$__wasi_proc_exit,2,1,0,0,0,0,,,,,,,,,
16,FunctionSignature,,,,,,,,,,,,,,,,
17,Parameters,,,,,,,,,,,,,,,,
18,VarNode,$p0,0,,,,,,i32,,,,,,,,
19,Function,$__wasm_call_ctors,3,0,0,0,0,0,,,,,,,,,
20,FunctionSignature,,,,,,,,,,,,,,,,
21,Instructions,,,,,,,,,,,,,,,,
22,Instruction,,,,,,,,,Return,,,,,,,
23,Function,$check,4,1,1,1,0,0,,,,,,,,,
24,FunctionSignature,,,,,,,,,,,,,,,,
25,Parameters,,,,,,,,,,,,,,,,
26,VarNode,$p0,0,,,,,,i32,,,,,,,,
27,Locals,,,,,,,,,,,,,,,,
28,VarNode,$l1,1,,,,,,i32,,,,,,,,
29,Results,,,,,,,,,,,,,,,,
30,VarNode,,0,,,,,,i32,,,,,,,,
31,Instructions,,,,,,,,,,,,,,,,
32,Instruction,,,,,,,,,Return,,,,,,,
33,Instruction,,,,,,,,,GlobalGet,,,,,$g0,,
34,Instruction,,,,,,,,,Const,,i32,80,,,,
35,Instruction,,,,,,,,,Binary,i32.sub,,,,,,
36,Instruction,,,,,,,,,LocalTee,,,,,$l1,,
37,Instruction,,,,,,,,,GlobalSet,,,,,$g0,,
38,Instruction,,,,,,,,,LocalGet,,,,,$l1,,
39,Instruction,,,,,,,,,LocalGet,,,,,$p0,,
40,Instruction,,,2,,1,,,,Call,,,,,$strcpy,,
41,Instruction,,,,,,,,,Const,,i32,1024,,,,
42,Instruction,,,,,,,,,Const,,i32,5,,,,
43,Instruction,,,3,,1,,,,Call,,,,,$memcmp,,
44,Instruction,,,,,,,,,LocalSet,,,,,$p0,,
45,Instruction,,,,,,,,,LocalGet,,,,,$l1,,
46,Instruction,,,,,,,,,Const,,i32,80,,,,
47,Instruction,,,,,,,,,Binary,i32.add,,,,,,
48,Instruction,,,,,,,,,GlobalSet,,,,,$g0,,
49,Instruction,,,,,,,,,LocalGet,,,,,$p0,,
50,Instruction,,,,,,,,,Convert,i32.eqz,,,,,,
51,Function,$main,5,2,0,1,0,0,,,,,,,,,
52,FunctionSignature,,,,,,,,,,,,,,,,
53,Parameters,,,,,,,,,,,,,,,,
54,VarNode,$p0,0,,,,,,i32,,,,,,,,
55,VarNode,$p1,1,,,,,,i32,,,,,,,,
56,Results,,,,,,,,,,,,,,,,
57,VarNode,,0,,,,,,i32,,,,,,,,
58,Instructions,,,,,,,,,,,,,,,,
59,Instruction,,,,,,,,,Return,,,,,,,
60,Instruction,,,,,,,,,LocalGet,,,,,$p1,,
61,Instruction,,,,,,,,,Load,i32.load,,,,,4,
62,Instruction,,,1,,1,,,,Call,,,,,$check,,
63,Instruction,,,,,,,,,Convert,i32.eqz,,,,,,
64,Instruction,,,,,,,,,Const,,i32,0,,,,
65,Instruction,,,,,,,,,Load,i32.load,,,,,1032,
66,Instruction,,,,,,,,,Const,,i32,0,,,,
67,Instruction,,,,,,,,,Compare,i32.ne,,,,,,
68,Instruction,,,,,,,,,Binary,i32.and,,,,,,
69,Function,$_start,6,0,0,0,1,1,,,,,,,,,
70,FunctionSignature,,,,,,,,,,,,,,,,
71,Instructions,,,,,,,,,,,,,,,,
72,Instruction,,,,,,,,,Return,,,,,,,
73,Instruction,,,,,0,,,,Block,,,,,$B0,,
74,Instruction,,,,,,,,,Const,,i32,1,,,,
75,Instruction,,,,,,,,,Convert,i32.eqz,,,,,,
76,Instruction,,,,,,,,,BrIf,,,,,$B0,,
77,Instruction,,,0,,0,,,,Call,,,,,$__wasm_call_ctors,,
78,Instruction,,,,,0,,,,BeginBlock,,,,,$B0,,
79,Instruction,,,0,,1,,,,Call,,,,,$__original_main,,
80,Instruction,,,1,,0,,,,Call,,,,,$exit,,
81,Instruction,,,,,,,,,Unreachable,,,,,,,
82,Function,$memcmp,7,3,3,1,0,0,,,,,,,,,
83,FunctionSignature,,,,,,,,,,,,,,,,
84,Parameters,,,,,,,,,,,,,,,,
85,VarNode,$p0,0,,,,,,i32,,,,,,,,
86,VarNode,$p1,1,,,,,,i32,,,,,,,,
87,VarNode,$p2,2,,,,,,i32,,,,,,,,
88,Locals,,,,,,,,,,,,,,,,
89,VarNode,$l3,3,,,,,,i32,,,,,,,,
90,VarNode,$l4,4,,,,,,i32,,,,,,,,
91,VarNode,$l5,5,,,,,,i32,,,,,,,,
92,Results,,,,,,,,,,,,,,,,
93,VarNode,,0,,,,,,i32,,,,,,,,
94,Instructions,,,,,,,,,,,,,,,,
95,Instruction,,,,,,,,,Return,,,,,,,
96,Instruction,,,,,,,,,Const,,i32,0,,,,
97,Instruction,,,,,,,,,LocalSet,,,,,$l3,,
98,Instruction,,,,,0,,,,Block,,,,,$B0,,
99,Instruction,,,,,,,,,LocalGet,,,,,$p2,,
100,Instruction,,,,,,,,,Convert,i32.eqz,,,,,,
101,Instruction,,,,,,,,,BrIf,,,,,$B0,,
102,Instruction,,,,,0,,,,Block,,,,,$B1,,
103,Instruction,,,,,0,,,,Loop,,,,,$L2,,
104,Instruction,,,,,,,,,LocalGet,,,,,$p0,,
105,Instruction,,,,,,,,,Load,i32.load8_u,,,,,0,
106,Instruction,,,,,,,,,LocalTee,,,,,$l4,,
107,Instruction,,,,,,,,,LocalGet,,,,,$p1,,
108,Instruction,,,,,,,,,Load,i32.load8_u,,,,,0,
109,Instruction,,,,,,,,,LocalTee,,,,,$l5,,
110,Instruction,,,,,,,,,Compare,i32.ne,,,,,,
111,Instruction,,,,,,,,,BrIf,,,,,$B1,,
112,Instruction,,,,,,,,,LocalGet,,,,,$p1,,
113,Instruction,,,,,,,,,Const,,i32,1,,,,
114,Instruction,,,,,,,,,Binary,i32.add,,,,,,
115,Instruction,,,,,,,,,LocalSet,,,,,$p1,,
116,Instruction,,,,,,,,,LocalGet,,,,,$p0,,
117,Instruction,,,,,,,,,Const,,i32,1,,,,
118,Instruction,,,,,,,,,Binary,i32.add,,,,,,
119,Instruction,,,,,,,,,LocalSet,,,,,$p0,,
120,Instruction,,,,,,,,,LocalGet,,,,,$p2,,
121,Instruction,,,,,,,,,Const,,i32,-1,,,,
122,Instruction,,,,,,,,,Binary,i32.add,,,,,,
123,Instruction,,,,,,,,,LocalTee,,,,,$p2,,
124,Instruction,,,,,,,,,BrIf,,,,,$L2,,
125,Instruction,,,,,,,,,Br,,,,,$B0,,
126,Instruction,,,,,,,,,Unreachable,,,,,,,
127,Instruction,,,,,0,,,,BeginBlock,,,,,$B1,,
128,Instruction,,,,,,,,,LocalGet,,,,,$l4,,
129,Instruction,,,,,,,,,LocalGet,,,,,$l5,,
130,Instruction,,,,,,,,,Binary,i32.sub,,,,,,
131,Instruction,,,,,,,,,LocalSet,,,,,$l3,,
132,Instruction,,,,,0,,,,BeginBlock,,,,,$B0,,
133,Instruction,,,,,,,,,LocalGet,,,,,$l3,,
134,Function,$__stpcpy,8,2,1,1,0,0,,,,,,,,,
135,FunctionSignature,,,,,,,,,,,,,,,,
136,Parameters,,,,,,,,,,,,,,,,
137,VarNode,$p0,0,,,,,,i32,,,,,,,,
138,VarNode,$p1,1,,,,,,i32,,,,,,,,
139,Locals,,,,,,,,,,,,,,,,
140,VarNode,$l2,2,,,,,,i32,,,,,,,,
141,Results,,,,,,,,,,,,,,,,
142,VarNode,,0,,,,,,i32,,,,,,,,
143,Instructions,,,,,,,,,,,,,,,,
144,Instruction,,,,,,,,,Return,,,,,,,
145,Instruction,,,,,0,,,,Block,,,,,$B0,,
146,Instruction,,,,,0,,,,Block,,,,,$B1,,
147,Instruction,,,,,,,,,LocalGet,,,,,$p1,,
148,Instruction,,,,,,,,,LocalGet,,,,,$p0,,
149,Instruction,,,,,,,,,Binary,i32.xor,,,,,,
150,Instruction,,,,,,,,,Const,,i32,3,,,,
151,Instruction,,,,,,,,,Binary,i32.and,,,,,,
152,Instruction,,,,,,,,,BrIf,,,,,$B1,,
153,Instruction,,,,,0,,,,Block,,,,,$B2,,
154,Instruction,,,,,,,,,LocalGet,,,,,$p1,,
155,Instruction,,,,,,,,,Const,,i32,3,,,,
156,Instruction,,,,,,,,,Binary,i32.and,,,,,,
157,Instruction,,,,,,,,,Convert,i32.eqz,,,,,,
158,Instruction,,,,,,,,,BrIf,,,,,$B2,,
159,Instruction,,,,,0,,,,Loop,,,,,$L3,,
160,Instruction,,,,,,,,,LocalGet,,,,,$p0,,
161,Instruction,,,,,,,,,LocalGet,,,,,$p1,,
162,Instruction,,,,,,,,,Load,i32.load8_u,,,,,0,
163,Instruction,,,,,,,,,LocalTee,,,,,$l2,,
164,Instruction,,,,,,,,,Store,i32.store8,,,,,0,
165,Instruction,,,,,,,,,LocalGet,,,,,$l2,,
166,Instruction,,,,,,,,,Convert,i32.eqz,,,,,,
167,Instruction,,,,,,,,,BrIf,,,,,$B0,,
168,Instruction,,,,,,,,,LocalGet,,,,,$p0,,
169,Instruction,,,,,,,,,Const,,i32,1,,,,
170,Instruction,,,,,,,,,Binary,i32.add,,,,,,
171,Instruction,,,,,,,,,LocalSet,,,,,$p0,,
172,Instruction,,,,,,,,,LocalGet,,,,,$p1,,
173,Instruction,,,,,,,,,Const,,i32,1,,,,
174,Instruction,,,,,,,,,Binary,i32.add,,,,,,
175,Instruction,,,,,,,,,LocalTee,,,,,$p1,,
176,Instruction,,,,,,,,,Const,,i32,3,,,,
177,Instruction,,,,,,,,,Binary,i32.and,,,,,,
178,Instruction,,,,,,,,,BrIf,,,,,$L3,,
179,Instruction,,,,,0,,,,BeginBlock,,,,,$B2,,
180,Instruction,,,,,,,,,LocalGet,,,,,$p1,,
181,Instruction,,,,,,,,,Load,i32.load,,,,,0,
182,Instruction,,,,,,,,,LocalTee,,,,,$l2,,
183,Instruction,,,,,,,,,Const,,i32,-1,,,,
184,Instruction,,,,,,,,,Binary,i32.xor,,,,,,
185,Instruction,,,,,,,,,LocalGet,,,,,$l2,,
186,Instruction,,,,,,,,,Const,,i32,-16843009,,,,
187,Instruction,,,,,,,,,Binary,i32.add,,,,,,
188,Instruction,,,,,,,,,Binary,i32.and,,,,,,
189,Instruction,,,,,,,,,Const,,i32,-2139062144,,,,
190,Instruction,,,,,,,,,Binary,i32.and,,,,,,
191,Instruction,,,,,,,,,BrIf,,,,,$B1,,
192,Instruction,,,,,0,,,,Loop,,,,,$L4,,
193,Instruction,,,,,,,,,LocalGet,,,,,$p0,,
194,Instruction,,,,,,,,,LocalGet,,,,,$l2,,
195,Instruction,,,,,,,,,Store,i32.store,,,,,0,
196,Instruction,,,,,,,,,LocalGet,,,,,$p1,,
197,Instruction,,,,,,,,,Load,i32.load,,,,,4,
198,Instruction,,,,,,,,,LocalSet,,,,,$l2,,
199,Instruction,,,,,,,,,LocalGet,,,,,$p0,,
200,Instruction,,,,,,,,,Const,,i32,4,,,,
201,Instruction,,,,,,,,,Binary,i32.add,,,,,,
202,Instruction,,,,,,,,,LocalSet,,,,,$p0,,
203,Instruction,,,,,,,,,LocalGet,,,,,$p1,,
204,Instruction,,,,,,,,,Const,,i32,4,,,,
205,Instruction,,,,,,,,,Binary,i32.add,,,,,,
206,Instruction,,,,,,,,,LocalSet,,,,,$p1,,
207,Instruction,,,,,,,,,LocalGet,,,,,$l2,,
208,Instruction,,,,,,,,,Const,,i32,-1,,,,
209,Instruction,,,,,,,,,Binary,i32.xor,,,,,,
210,Instruction,,,,,,,,,LocalGet,,,,,$l2,,
211,Instruction,,,,,,,,,Const,,i32,-16843009,,,,
212,Instruction,,,,,,,,,Binary,i32.add,,,,,,
213,Instruction,,,,,,,,,Binary,i32.and,,,,,,
214,Instruction,,,,,,,,,Const,,i32,-2139062144,,,,
215,Instruction,,,,,,,,,Binary,i32.and,,,,,,
216,Instruction,,,,,,,,,Convert,i32.eqz,,,,,,
217,Instruction,,,,,,,,,BrIf,,,,,$L4,,
218,Instruction,,,,,0,,,,BeginBlock,,,,,$B1,,
219,Instruction,,,,,,,,,LocalGet,,,,,$p0,,
220,Instruction,,,,,,,,,LocalGet,,,,,$p1,,
221,Instruction,,,,,,,,,Load,i32.load8_u,,,,,0,
222,Instruction,,,,,,,,,LocalTee,,,,,$l2,,
223,Instruction,,,,,,,,,Store,i32.store8,,,,,0,
224,Instruction,,,,,,,,,LocalGet,,,,,$l2,,
225,Instruction,,,,,,,,,Convert,i32.eqz,,,,,,
226,Instruction,,,,,,,,,BrIf,,,,,$B0,,
227,Instruction,,,,,0,,,,Loop,,,,,$L5,,
228,Instruction,,,,,,,,,LocalGet,,,,,$p0,,
229,Instruction,,,,,,,,,LocalGet,,,,,$p1,,
230,Instruction,,,,,,,,,Load,i32.load8_u,,,,,1,
231,Instruction,,,,,,,,,LocalTee,,,,,$l2,,
232,Instruction,,,,,,,,,Store,i32.store8,,,,,1,
233,Instruction,,,,,,,,,LocalGet,,,,,$p0,,
234,Instruction,,,,,,,,,Const,,i32,1,,,,
235,Instruction,,,,,,,,,Binary,i32.add,,,,,,
236,Instruction,,,,,,,,,LocalSet,,,,,$p0,,
237,Instruction,,,,,,,,,LocalGet,,,,,$p1,,
238,Instruction,,,,,,,,,Const,,i32,1,,,,
239,Instruction,,,,,,,,,Binary,i32.add,,,,,,
240,Instruction,,,,,,,,,LocalSet,,,,,$p1,,
241,Instruction,,,,,,,,,LocalGet,,,,,$l2,,
242,Instruction,,,,,,,,,BrIf,,,,,$L5,,
243,Instruction,,,,,0,,,,BeginBlock,,,,,$B0,,
244,Instruction,,,,,,,,,LocalGet,,,,,$p0,,
245,Function,$strcpy,9,2,0,1,0,0,,,,,,,,,
246,FunctionSignature,,,,,,,,,,,,,,,,
247,Parameters,,,,,,,,,,,,,,,,
248,VarNode,$p0,0,,,,,,i32,,,,,,,,
249,VarNode,$p1,1,,,,,,i32,,,,,,,,
250,Results,,,,,,,,,,,,,,,,
251,VarNode,,0,,,,,,i32,,,,,,,,
252,Instructions,,,,,,,,,,,,,,,,
253,Instruction,,,,,,,,,Return,,,,,,,
254,Instruction,,,,,,,,,LocalGet,,,,,$p0,,
255,Instruction,,,,,,,,,LocalGet,,,,,$p1,,
256,Instruction,,,2,,1,,,,Call,,,,,$__stpcpy,,
257,Instruction,,,,,,,,,Drop,,,,,,,
258,Instruction,,,,,,,,,LocalGet,,,,,$p0,,
259,Function,$__original_main,10,0,0,1,0,0,,,,,,,,,
260,FunctionSignature,,,,,,,,,,,,,,,,
261,Results,,,,,,,,,,,,,,,,
262,VarNode,,0,,,,,,i32,,,,,,,,
263,Instructions,,,,,,,,,,,,,,,,
264,Instruction,,,,,,,,,Return,,,,,,,
265,Instruction,,,0,,1,,,,Call,,,,,$__main_void,,
266,Function,$__main_void,11,0,4,1,0,0,,,,,,,,,
267,FunctionSignature,,,,,,,,,,,,,,,,
268,Locals,,,,,,,,,,,,,,,,
269,VarNode,$l0,0,,,,,,i32,,,,,,,,
270,VarNode,$l1,1,,,,,,i32,,,,,,,,
271,VarNode,$l2,2,,,,,,i32,,,,,,,,
272,VarNode,$l3,3,,,,,,i32,,,,,,,,
273,Results,,,,,,,,,,,,,,,,
274,VarNode,,0,,,,,,i32,,,,,,,,
275,Instructions,,,,,,,,,,,,,,,,
276,Instruction,,,,,,,,,Return,,,,,,,
277,Instruction,,,,,,,,,GlobalGet,,,,,$g0,,
278,Instruction,,,,,,,,,Const,,i32,16,,,,
279,Instruction,,,,,,,,,Binary,i32.sub,,,,,,
280,Instruction,,,,,,,,,LocalTee,,,,,$l0,,
281,Instruction,,,,,,,,,GlobalSet,,,,,$g0,,
282,Instruction,,,,,0,,,,Block,,,,,$B0,,
283,Instruction,,,,,0,,,,Block,,,,,$B1,,
284,Instruction,,,,,,,,,LocalGet,,,,,$l0,,
285,Instruction,,,,,,,,,LocalTee,,,,,$l1,,
286,Instruction,,,,,,,,,Const,,i32,12,,,,
287,Instruction,,,,,,,,,Binary,i32.add,,,,,,
288,Instruction,,,,,,,,,LocalGet,,,,,$l1,,
289,Instruction,,,,,,,,,Const,,i32,8,,,,
290,Instruction,,,,,,,,,Binary,i32.add,,,,,,
291,Instruction,,,2,,1,,,,Call,,,,,$__wasi_args_sizes_get,,
292,Instruction,,,,,,,,,BrIf,,,,,$B1,,
293,Instruction,,,,,0,,,,Block,,,,,$B2,,
294,Instruction,,,,,0,,,,Block,,,,,$B3,,
295,Instruction,,,,,,,,,LocalGet,,,,,$l1,,
296,Instruction,,,,,,,,,Load,i32.load,,,,,12,
297,Instruction,,,,,,,,,LocalTee,,,,,$l2,,
298,Instruction,,,,,,,,,BrIf,,,,,$B3,,
299,Instruction,,,,,,,,,Const,,i32,0,,,,
300,Instruction,,,,,,,,,LocalSet,,,,,$l2,,
301,Instruction,,,,,,,,,Br,,,,,$B2,,
302,Instruction,,,,,0,,,,BeginBlock,,,,,$B3,,
303,Instruction,,,,,,,,,LocalGet,,,,,$l0,,
304,Instruction,,,,,,,,,LocalGet,,,,,$l2,,
305,Instruction,,,,,,,,,Const,,i32,2,,,,
306,Instruction,,,,,,,,,Binary,i32.shl,,,,,,
307,Instruction,,,,,,,,,LocalTee,,,,,$l2,,
308,Instruction,,,,,,,,,Const,,i32,19,,,,
309,Instruction,,,,,,,,,Binary,i32.add,,,,,,
310,Instruction,,,,,,,,,Const,,i32,-16,,,,
311,Instruction,,,,,,,,,Binary,i32.and,,,,,,
312,Instruction,,,,,,,,,Binary,i32.sub,,,,,,
313,Instruction,,,,,,,,,LocalTee,,,,,$l0,,
314,Instruction,,,,,,,,,LocalTee,,,,,$l3,,
315,Instruction,,,,,,,,,GlobalSet,,,,,$g0,,
316,Instruction,,,,,,,,,LocalGet,,,,,$l3,,
317,Instruction,,,,,,,,,LocalGet,,,,,$l1,,
318,Instruction,,,,,,,,,Load,i32.load,,,,,8,
319,Instruction,,,,,,,,,Const,,i32,15,,,,
320,Instruction,,,,,,,,,Binary,i32.add,,,,,,
321,Instruction,,,,,,,,,Const,,i32,-16,,,,
322,Instruction,,,,,,,,,Binary,i32.and,,,,,,
323,Instruction,,,,,,,,,Binary,i32.sub,,,,,,
324,Instruction,,,,,,,,,LocalTee,,,,,$l3,,
325,Instruction,,,,,,,,,GlobalSet,,,,,$g0,,
326,Instruction,,,,,,,,,LocalGet,,,,,$l0,,
327,Instruction,,,,,,,,,LocalGet,,,,,$l2,,
328,Instruction,,,,,,,,,Binary,i32.add,,,,,,
329,Instruction,,,,,,,,,Const,,i32,0,,,,
330,Instruction,,,,,,,,,Store,i32.store,,,,,0,
331,Instruction,,,,,,,,,LocalGet,,,,,$l0,,
332,Instruction,,,,,,,,,LocalGet,,,,,$l3,,
333,Instruction,,,2,,1,,,,Call,,,,,$__wasi_args_get,,
334,Instruction,,,,,,,,,BrIf,,,,,$B0,,
335,Instruction,,,,,,,,,LocalGet,,,,,$l1,,
336,Instruction,,,,,,,,,Load,i32.load,,,,,12,
337,Instruction,,,,,,,,,LocalSet,,,,,$l2,,
338,Instruction,,,,,0,,,,BeginBlock,,,,,$B2,,
339,Instruction,,,,,,,,,LocalGet,,,,,$l2,,
340,Instruction,,,,,,,,,LocalGet,,,,,$l0,,
341,Instruction,,,2,,1,,,,Call,,,,,$main.1,,
342,Instruction,,,,,,,,,LocalSet,,,,,$l0,,
343,Instruction,,,,,,,,,LocalGet,,,,,$l1,,
344,Instruction,,,,,,,,,Const,,i32,16,,,,
345,Instruction,,,,,,,,,Binary,i32.add,,,,,,
346,Instruction,,,,,,,,,GlobalSet,,,,,$g0,,
347,Instruction,,,,,,,,,LocalGet,,,,,$l0,,
348,Instruction,,,,,,,,,Return,,,,,,,
349,Instruction,,,,,0,,,,BeginBlock,,,,,$B1,,
350,Instruction,,,,,,,,,Const,,i32,71,,,,
351,Instruction,,,1,,0,,,,Call,,,,,$__wasi_proc_exit,,
352,Instruction,,,,,,,,,Unreachable,,,,,,,
353,Instruction,,,,,0,,,,BeginBlock,,,,,$B0,,
354,Instruction,,,,,,,,,Const,,i32,71,,,,
355,Instruction,,,1,,0,,,,Call,,,,,$__wasi_proc_exit,,
356,Instruction,,,,,,,,,Unreachable,,,,,,,
357,Function,$main.1,12,2,0,1,0,0,,,,,,,,,
358,FunctionSignature,,,,,,,,,,,,,,,,
359,Parameters,,,,,,,,,,,,,,,,
360,VarNode,$p0,0,,,,,,i32,,,,,,,,
361,VarNode,$p1,1,,,,,,i32,,,,,,,,
362,Results,,,,,,,,,,,,,,,,
363,VarNode,,0,,,,,,i32,,,,,,,,
364,Instructions,,,,,,,,,,,,,,,,
365,Instruction,,,,,,,,,Return,,,,,,,
366,Instruction,,,,,,,,,LocalGet,,,,,$p0,,
367,Instruction,,,,,,,,,LocalGet,,,,,$p1,,
368,Instruction,,,2,,1,,,,Call,,,,,$main,,
369,Function,$__errno_location,13,0,0,1,1,1,,,,,,,,,
370,FunctionSignature,,,,,,,,,,,,,,,,
371,Results,,,,,,,,,,,,,,,,
372,VarNode,,0,,,,,,i32,,,,,,,,
373,Instructions,,,,,,,,,,,,,,,,
374,Instruction,,,,,,,,,Return,,,,,,,
375,Instruction,,,,,,,,,Const,,i32,1036,,,,
376,Function,$_Exit,14,1,0,0,0,0,,,,,,,,,
377,FunctionSignature,,,,,,,,,,,,,,,,
378,Parameters,,,,,,,,,,,,,,,,
379,VarNode,$p0,0,,,,,,i32,,,,,,,,
380,Instructions,,,,,,,,,,,,,,,,
381,Instruction,,,,,,,,,Return,,,,,,,
382,Instruction,,,,,,,,,LocalGet,,,,,$p0,,
383,Instruction,,,1,,0,,,,Call,,,,,$__wasi_proc_exit,,
384,Instruction,,,,,,,,,Unreachable,,,,,,,
385,Function,$libc_exit_fini,15,0,1,0,0,0,,,,,,,,,
386,FunctionSignature,,,,,,,,,,,,,,,,
387,Locals,,,,,,,,,,,,,,,,
388,VarNode,$l0,0,,,,,,i32,,,,,,,,
389,Instructions,,,,,,,,,,,,,,,,
390,Instruction,,,,,,,,,Return,,,,,,,
391,Instruction,,,,,,,,,Const,,i32,0,,,,
392,Instruction,,,,,,,,,LocalSet,,,,,$l0,,
393,Instruction,,,,,0,,,,Block,,,,,$B0,,
394,Instruction,,,,,,,,,Const,,i32,0,,,,
395,Instruction,,,,,,,,,Const,,i32,0,,,,
396,Instruction,,,,,,,,,Compare,i32.le_u,,,,,,
397,Instruction,,,,,,,,,BrIf,,,,,$B0,,
398,Instruction,,,,,0,,,,Loop,,,,,$L1,,
399,Instruction,,,,,,,,,LocalGet,,,,,$l0,,
400,Instruction,,,,,,,,,Const,,i32,-4,,,,
401,Instruction,,,,,,,,,Binary,i32.add,,,,,,
402,Instruction,,,,,,,,,LocalTee,,,,,$l0,,
403,Instruction,,,,,,,,,Load,i32.load,,,,,0,
404,Instruction,,,1,,0,,,,CallIndirect,,,,,$__indirect_function_table,,
405,Instruction,,,,,,,,,LocalGet,,,,,$l0,,
406,Instruction,,,,,,,,,Const,,i32,0,,,,
407,Instruction,,,,,,,,,Compare,i32.gt_u,,,,,,
408,Instruction,,,,,,,,,BrIf,,,,,$L1,,
409,Instruction,,,,,0,,,,BeginBlock,,,,,$B0,,
410,Instruction,,,0,,0,,,,Call,,,,,$_fini,,
411,Function,$exit,16,1,0,0,0,0,,,,,,,,,
412,FunctionSignature,,,,,,,,,,,,,,,,
413,Parameters,,,,,,,,,,,,,,,,
414,VarNode,$p0,0,,,,,,i32,,,,,,,,
415,Instructions,,,,,,,,,,,,,,,,
416,Instruction,,,,,,,,,Return,,,,,,,
417,Instruction,,,0,,0,,,,Call,,,,,$_fini,,
418,Instruction,,,0,,0,,,,Call,,,,,$libc_exit_fini,,
419,Instruction,,,0,,0,,,,Call,,,,,$_fini,,
420,Instruction,,,,,,,,,LocalGet,,,,,$p0,,
421,Instruction,,,1,,0,,,,Call,,,,,$_Exit,,
422,Instruction,,,,,,,,,Unreachable,,,,,,,
423,Function,$_fini,17,0,0,0,0,0,,,,,,,,,
424,FunctionSignature,,,,,,,,,,,,,,,,
425,Instructions,,,,,,,,,,,,,,,,
426,Instruction,,,,,,,,,Return,,,,,,,
427,Function,$stackSave,18,0,0,1,1,1,,,,,,,,,
428,FunctionSignature,,,,,,,,,,,,,,,,
429,Results,,,,,,,,,,,,,,,,
430,VarNode,,0,,,,,,i32,,,,,,,,
431,Instructions,,,,,,,,,,,,,,,,
432,Instruction,,,,,,,,,Return,,,,,,,
433,Instruction,,,,,,,,,GlobalGet,,,,,$g0,,
434,Function,$stackRestore,19,1,0,0,1,1,,,,,,,,,
435,FunctionSignature,,,,,,,,,,,,,,,,
436,Parameters,,,,,,,,,,,,,,,,
437,VarNode,$p0,0,,,,,,i32,,,,,,,,
438,Instructions,,,,,,,,,,,,,,,,
439,Instruction,,,,,,,,,Return,,,,,,,
440,Instruction,,,,,,,,,LocalGet,,,,,$p0,,
441,Instruction,,,,,,,,,GlobalSet,,,,,$g0,,
442,Function,$stackAlloc,20,1,2,1,1,1,,,,,,,,,
443,FunctionSignature,,,,,,,,,,,,,,,,
444,Parameters,,,,,,,,,,,,,,,,
445,VarNode,$p0,0,,,,,,i32,,,,,,,,
446,Locals,,,,,,,,,,,,,,,,
447,VarNode,$l1,1,,,,,,i32,,,,,,,,
448,VarNode,$l2,2,,,,,,i32,,,,,,,,
449,Results,,,,,,,,,,,,,,,,
450,VarNode,,0,,,,,,i32,,,,,,,,
451,Instructions,,,,,,,,,,,,,,,,
452,Instruction,,,,,,,,,Return,,,,,,,
453,Instruction,,,,,,,,,GlobalGet,,,,,$g0,,
454,Instruction,,,,,,,,,LocalGet,,,,,$p0,,
455,Instruction,,,,,,,,,Binary,i32.sub,,,,,,
456,Instruction,,,,,,,,,Const,,i32,-16,,,,
457,Instruction,,,,,,,,,Binary,i32.and,,,,,,
458,Instruction,,,,,,,,,LocalTee,,,,,$l1,,
459,Instruction,,,,,,,,,GlobalSet,,,,,$g0,,
460,Instruction,,,,,,,,,LocalGet,,,,,$l1,,
461,Function,$__lockfile,21,1,0,1,0,0,,,,,,,,,
462,FunctionSignature,,,,,,,,,,,,,,,,
463,Parameters,,,,,,,,,,,,,,,,
464,VarNode,$p0,0,,,,,,i32,,,,,,,,
465,Results,,,,,,,,,,,,,,,,
466,VarNode,,0,,,,,,i32,,,,,,,,
467,Instructions,,,,,,,,,,,,,,,,
468,Instruction,,,,,,,,,Return,,,,,,,
469,Instruction,,,,,,,,,Const,,i32,1,,,,
470,Function,$__unlockfile,22,1,0,0,0,0,,,,,,,,,
471,FunctionSignature,,,,,,,,,,,,,,,,
472,Parameters,,,,,,,,,,,,,,,,
473,VarNode,$p0,0,,,,,,i32,,,,,,,,
474,Instructions,,,,,,,,,,,,,,,,
475,Instruction,,,,,,,,,Return,,,,,,,
476,Function,$__lock,23,1,0,0,0,0,,,,,,,,,
477,FunctionSignature,,,,,,,,,,,,,,,,
478,Parameters,,,,,,,,,,,,,,,,
479,VarNode,$p0,0,,,,,,i32,,,,,,,,
480,Instructions,,,,,,,,,,,,,,,,
481,Instruction,,,,,,,,,Return,,,,,,,
482,Function,$__unlock,24,1,0,0,0,0,,,,,,,,,
483,FunctionSignature,,,,,,,,,,,,,,,,
484,Parameters,,,,,,,,,,,,,,,,
485,VarNode,$p0,0,,,,,,i32,,,,,,,,
486,Instructions,,,,,,,,,,,,,,,,
487,Instruction,,,,,,,,,Return,,,,,,,
488,Function,$__ofl_lock,25,0,0,1,0,0,,,,,,,,,
489,FunctionSignature,,,,,,,,,,,,,,,,
490,Results,,,,,,,,,,,,,,,,
491,VarNode,,0,,,,,,i32,,,,,,,,
492,Instructions,,,,,,,,,,,,,,,,
493,Instruction,,,,,,,,,Return,,,,,,,
494,Instruction,,,,,,,,,Const,,i32,1040,,,,
495,Instruction,,,1,,0,,,,Call,,,,,$__lock,,
496,Instruction,,,,,,,,,Const,,i32,1048,,,,
497,Function,$__ofl_unlock,26,0,0,0,0,0,,,,,,,,,
498,FunctionSignature,,,,,,,,,,,,,,,,
499,Instructions,,,,,,,,,,,,,,,,
500,Instruction,,,,,,,,,Return,,,,,,,
501,Instruction,,,,,,,,,Const,,i32,1040,,,,
502,Instruction,,,1,,0,,,,Call,,,,,$__unlock,,
503,Function,$fflush,27,1,2,1,1,1,,,,,,,,,
504,FunctionSignature,,,,,,,,,,,,,,,,
505,Parameters,,,,,,,,,,,,,,,,
506,VarNode,$p0,0,,,,,,i32,,,,,,,,
507,Locals,,,,,,,,,,,,,,,,
508,VarNode,$l1,1,,,,,,i32,,,,,,,,
509,VarNode,$l2,2,,,,,,i32,,,,,,,,
510,Results,,,,,,,,,,,,,,,,
511,VarNode,,0,,,,,,i32,,,,,,,,
512,Instructions,,,,,,,,,,,,,,,,
513,Instruction,,,,,,,,,Return,,,,,,,
514,Instruction,,,,,0,,,,Block,,,,,$B0,,
515,Instruction,,,,,0,,,,Block,,,,,$B1,,
516,Instruction,,,,,,,,,LocalGet,,,,,$p0,,
517,Instruction,,,,,,,,,Convert,i32.eqz,,,,,,
518,Instruction,,,,,,,,,BrIf,,,,,$B1,,
519,Instruction,,,,,0,,,,Block,,,,,$B2,,
520,Instruction,,,,,,,,,LocalGet,,,,,$p0,,
521,Instruction,,,,,,,,,Load,i32.load,,,,,76,
522,Instruction,,,,,,,,,Const,,i32,-1,,,,
523,Instruction,,,,,,,,,Compare,i32.gt_s,,,,,,
524,Instruction,,,,,,,,,BrIf,,,,,$B2,,
525,Instruction,,,,,,,,,LocalGet,,,,,$p0,,
526,Instruction,,,1,,1,,,,Call,,,,,$__fflush_unlocked,,
527,Instruction,,,,,,,,,Return,,,,,,,
528,Instruction,,,,,0,,,,BeginBlock,,,,,$B2,,
529,Instruction,,,,,,,,,LocalGet,,,,,$p0,,
530,Instruction,,,1,,1,,,,Call,,,,,$__lockfile,,
531,Instruction,,,,,,,,,LocalSet,,,,,$l1,,
532,Instruction,,,,,,,,,LocalGet,,,,,$p0,,
533,Instruction,,,1,,1,,,,Call,,,,,$__fflush_unlocked,,
534,Instruction,,,,,,,,,LocalSet,,,,,$l2,,
535,Instruction,,,,,,,,,LocalGet,,,,,$l1,,
536,Instruction,,,,,,,,,Convert,i32.eqz,,,,,,
537,Instruction,,,,,,,,,BrIf,,,,,$B0,,
538,Instruction,,,,,,,,,LocalGet,,,,,$p0,,
539,Instruction,,,1,,0,,,,Call,,,,,$__unlockfile,,
540,Instruction,,,,,,,,,LocalGet,,,,,$l2,,
541,Instruction,,,,,,,,,Return,,,,,,,
542,Instruction,,,,,0,,,,BeginBlock,,,,,$B1,,
543,Instruction,,,,,,,,,Const,,i32,0,,,,
544,Instruction,,,,,,,,,LocalSet,,,,,$l2,,
545,Instruction,,,,,0,,,,Block,,,,,$B3,,
546,Instruction,,,,,,,,,Const,,i32,0,,,,
547,Instruction,,,,,,,,,Load,i32.load,,,,,1052,
548,Instruction,,,,,,,,,Convert,i32.eqz,,,,,,
549,Instruction,,,,,,,,,BrIf,,,,,$B3,,
550,Instruction,,,,,,,,,Const,,i32,0,,,,
551,Instruction,,,,,,,,,Load,i32.load,,,,,1052,
552,Instruction,,,1,,1,,,,Call,,,,,$fflush,,
553,Instruction,,,,,,,,,LocalSet,,,,,$l2,,
554,Instruction,,,,,0,,,,BeginBlock,,,,,$B3,,
555,Instruction,,,,,0,,,,Block,,,,,$B4,,
556,Instruction,,,0,,1,,,,Call,,,,,$__ofl_lock,,
557,Instruction,,,,,,,,,Load,i32.load,,,,,0,
558,Instruction,,,,,,,,,LocalTee,,,,,$p0,,
559,Instruction,,,,,,,,,Convert,i32.eqz,,,,,,
560,Instruction,,,,,,,,,BrIf,,,,,$B4,,
561,Instruction,,,,,0,,,,Loop,,,,,$L5,,
562,Instruction,,,,,,,,,Const,,i32,0,,,,
563,Instruction,,,,,,,,,LocalSet,,,,,$l1,,
564,Instruction,,,,,0,,,,Block,,,,,$B6,,
565,Instruction,,,,,,,,,LocalGet,,,,,$p0,,
566,Instruction,,,,,,,,,Load,i32.load,,,,,76,
567,Instruction,,,,,,,,,Const,,i32,0,,,,
568,Instruction,,,,,,,,,Compare,i32.lt_s,,,,,,
569,Instruction,,,,,,,,,BrIf,,,,,$B6,,
570,Instruction,,,,,,,,,LocalGet,,,,,$p0,,
571,Instruction,,,1,,1,,,,Call,,,,,$__lockfile,,
572,Instruction,,,,,,,,,LocalSet,,,,,$l1,,
573,Instruction,,,,,0,,,,BeginBlock,,,,,$B6,,
574,Instruction,,,,,0,,,,Block,,,,,$B7,,
575,Instruction,,,,,,,,,LocalGet,,,,,$p0,,
576,Instruction,,,,,,,,,Load,i32.load,,,,,20,
577,Instruction,,,,,,,,,LocalGet,,,,,$p0,,
578,Instruction,,,,,,,,,Load,i32.load,,,,,28,
579,Instruction,,,,,,,,,Compare,i32.le_u,,,,,,
580,Instruction,,,,,,,,,BrIf,,,,,$B7,,
581,Instruction,,,,,,,,,LocalGet,,,,,$p0,,
582,Instruction,,,1,,1,,,,Call,,,,,$__fflush_unlocked,,
583,Instruction,,,,,,,,,LocalGet,,,,,$l2,,
584,Instruction,,,,,,,,,Binary,i32.or,,,,,,
585,Instruction,,,,,,,,,LocalSet,,,,,$l2,,
586,Instruction,,,,,0,,,,BeginBlock,,,,,$B7,,
587,Instruction,,,,,0,,,,Block,,,,,$B8,,
588,Instruction,,,,,,,,,LocalGet,,,,,$l1,,
589,Instruction,,,,,,,,,Convert,i32.eqz,,,,,,
590,Instruction,,,,,,,,,BrIf,,,,,$B8,,
591,Instruction,,,,,,,,,LocalGet,,,,,$p0,,
592,Instruction,,,1,,0,,,,Call,,,,,$__unlockfile,,
593,Instruction,,,,,0,,,,BeginBlock,,,,,$B8,,
594,Instruction,,,,,,,,,LocalGet,,,,,$p0,,
595,Instruction,,,,,,,,,Load,i32.load,,,,,56,
596,Instruction,,,,,,,,,LocalTee,,,,,$p0,,
597,Instruction,,,,,,,,,BrIf,,,,,$L5,,
598,Instruction,,,,,0,,,,BeginBlock,,,,,$B4,,
599,Instruction,,,0,,0,,,,Call,,,,,$__ofl_unlock,,
600,Instruction,,,,,0,,,,BeginBlock,,,,,$B0,,
601,Instruction,,,,,,,,,LocalGet,,,,,$l2,,
602,Function,$__fflush_unlocked,28,1,2,1,0,0,,,,,,,,,
603,FunctionSignature,,,,,,,,,,,,,,,,
604,Parameters,,,,,,,,,,,,,,,,
605,VarNode,$p0,0,,,,,,i32,,,,,,,,
606,Locals,,,,,,,,,,,,,,,,
607,VarNode,$l1,1,,,,,,i32,,,,,,,,
608,VarNode,$l2,2,,,,,,i32,,,,,,,,
609,Results,,,,,,,,,,,,,,,,
610,VarNode,,0,,,,,,i32,,,,,,,,
611,Instructions,,,,,,,,,,,,,,,,
612,Instruction,,,,,,,,,Return,,,,,,,
613,Instruction,,,,,0,,,,Block,,,,,$B0,,
614,Instruction,,,,,,,,,LocalGet,,,,,$p0,,
615,Instruction,,,,,,,,,Load,i32.load,,,,,20,
616,Instruction,,,,,,,,,LocalGet,,,,,$p0,,
617,Instruction,,,,,,,,,Load,i32.load,,,,,28,
618,Instruction,,,,,,,,,Compare,i32.le_u,,,,,,
619,Instruction,,,,,,,,,BrIf,,,,,$B0,,
620,Instruction,,,,,,,,,LocalGet,,,,,$p0,,
621,Instruction,,,,,,,,,Const,,i32,0,,,,
622,Instruction,,,,,,,,,Const,,i32,0,,,,
623,Instruction,,,,,,,,,LocalGet,,,,,$p0,,
624,Instruction,,,,,,,,,Load,i32.load,,,,,36,
625,Instruction,,,4,,1,,,,CallIndirect,,,,,$__indirect_function_table,,
626,Instruction,,,,,,,,,Drop,,,,,,,
627,Instruction,,,,,,,,,LocalGet,,,,,$p0,,
628,Instruction,,,,,,,,,Load,i32.load,,,,,20,
629,Instruction,,,,,,,,,BrIf,,,,,$B0,,
630,Instruction,,,,,,,,,Const,,i32,-1,,,,
631,Instruction,,,,,,,,,Return,,,,,,,
632,Instruction,,,,,0,,,,BeginBlock,,,,,$B0,,
633,Instruction,,,,,0,,,,Block,,,,,$B1,,
634,Instruction,,,,,,,,,LocalGet,,,,,$p0,,
635,Instruction,,,,,,,,,Load,i32.load,,,,,4,
636,Instruction,,,,,,,,,LocalTee,,,,,$l1,,
637,Instruction,,,,,,,,,LocalGet,,,,,$p0,,
638,Instruction,,,,,,,,,Load,i32.load,,,,,8,
639,Instruction,,,,,,,,,LocalTee,,,,,$l2,,
640,Instruction,,,,,,,,,Compare,i32.ge_u,,,,,,
641,Instruction,,,,,,,,,BrIf,,,,,$B1,,
642,Instruction,,,,,,,,,LocalGet,,,,,$p0,,
643,Instruction,,,,,,,,,LocalGet,,,,,$l1,,
644,Instruction,,,,,,,,,LocalGet,,,,,$l2,,
645,Instruction,,,,,,,,,Binary,i32.sub,,,,,,
646,Instruction,,,,,,,,,Convert,i64.extend_i32_s,,,,,,
647,Instruction,,,,,,,,,Const,,i32,1,,,,
648,Instruction,,,,,,,,,LocalGet,,,,,$p0,,
649,Instruction,,,,,,,,,Load,i32.load,,,,,40,
650,Instruction,,,4,,1,,,,CallIndirect,,,,,$__indirect_function_table,,
651,Instruction,,,,,,,,,Drop,,,,,,,
652,Instruction,,,,,0,,,,BeginBlock,,,,,$B1,,
653,Instruction,,,,,,,,,LocalGet,,,,,$p0,,
654,Instruction,,,,,,,,,Const,,i32,0,,,,
655,Instruction,,,,,,,,,Store,i32.store,,,,,28,
656,Instruction,,,,,,,,,LocalGet,,,,,$p0,,
657,Instruction,,,,,,,,,Const,,i64,0,,,,
658,Instruction,,,,,,,,,Store,i64.store,,,,,16,
659,Instruction,,,,,,,,,LocalGet,,,,,$p0,,
660,Instruction,,,,,,,,,Const,,i64,0,,,,
661,Instruction,,,,,,,,,Store,i64.store,,,,,4,
662,Instruction,,,,,,,,,Const,,i32,0,,,,
663,Trap,,,,,,,,,,,,,,,,
664,Instruction,,,,,0,,,,EndLoop,,,,,$L2,,
