{
  "date": "21-01-2021 18:56:27",
  "edgeHeader": [
    "src",
    "dest",
    "edgeType",
    "label",
    "pdgType",
    "constType",
    "constValueI",
    "constValueF",
    "astOrder"
  ],
  "edges": 34,
  "nodeHeader": [
    "id",
    "nodeType",
    "name",
    "index",
    "nargs",
    "nlocals",
    "nresults",
    "isImport",
    "isImport",
    "varType",
    "instType",
    "opcode",
    "constType",
    "constValueI",
    "constValueF",
    "label",
    "offset",
    "hasElse"
  ],
  "nodes": 20,
  "version": "1.0.0"
}