0,Module,,,,,,,,,,,,,,,,
1,Function,$main,7,2,1,1,0,0,,,,,,,,,
2,FunctionSignature,,,,,,,,,,,,,,,,
3,Parameters,,,,,,,,,,,,,,,,
4,VarNode,$p0,0,,,,,,i32,,,,,,,,
5,VarNode,$p1,1,,,,,,i32,,,,,,,,
6,Locals,,,,,,,,,,,,,,,,
7,VarNode,$l2,2,,,,,,i32,,,,,,,,
8,Results,,,,,,,,,,,,,,,,
9,VarNode,,0,,,,,,i32,,,,,,,,
10,Instructions,,,,,,,,,,,,,,,,
11,Instruction,,,,,,,,,Return,,,,,,,
12,Instruction,,,,,,,,,Const,,i32,256,,,,
13,Instruction,,,1,,1,,,,Call,,,,,$dlmalloc,,
14,Instruction,,,,,,,,,LocalTee,,,,,$l2,,
15,Instruction,,,1,,1,,,,Call,,,,,$gets,,
16,Instruction,,,,,,,,,Drop,,,,,,,
17,Instruction,,,,,,,,,LocalGet,,,,,$l2,,
18,Instruction,,,1,,0,,,,Call,,,,,$dlfree,,
19,Instruction,,,,,,,,,Const,,i32,0,,,,
