0,1,AST,,,,,,0
1,2,AST,,,,,,0
1,11,AST,,,,,,1
2,3,AST,,,,,,0
2,6,AST,,,,,,1
2,9,AST,,,,,,2
3,4,AST,,,,,,0
3,5,AST,,,,,,1
6,7,AST,,,,,,0
6,8,AST,,,,,,1
9,10,AST,,,,,,0
11,12,AST,,,,,,0
11,15,AST,,,,,,1
11,18,AST,,,,,,2
11,20,AST,,,,,,3
11,22,AST,,,,,,4
11,23,AST,,,,,,5
11,39,AST,,,,,,6
11,41,AST,,,,,,7
11,43,AST,,,,,,8
11,13,CFG,,,,,,
12,44,AST,,,,,,0
13,14,CFG,,,,,,
13,14,PDG,i32.const 248,Const,i32,248,,
14,13,AST,,,,,,0
14,15,CFG,,,,,,
14,15,PDG,$dlmalloc,Function,,,,
15,14,AST,,,,,,0
15,16,CFG,,,,,,
15,19,PDG,$dlmalloc,Function,,,,
15,28,PDG,$dlmalloc,Function,,,,
16,17,CFG,,,,,,
16,17,PDG,i32.const 248,Const,i32,248,,
17,16,AST,,,,,,0
17,18,CFG,,,,,,
17,18,PDG,$dlmalloc,Function,,,,
18,17,AST,,,,,,0
18,19,CFG,,,,,,
18,21,PDG,$dlmalloc,Function,,,,
18,30,PDG,$dlmalloc,Function,,,,
18,40,PDG,$dlmalloc,Function,,,,
19,20,CFG,,,,,,
19,20,PDG,$dlmalloc,Function,,,,
20,19,AST,,,,,,0
20,21,CFG,,,,,,
21,22,CFG,,,,,,
21,22,PDG,$dlmalloc,Function,,,,
22,21,AST,,,,,,0
22,32,CFG,,,,,,
23,27,AST,,,,,,0
23,29,AST,,,,,,1
23,31,AST,,,,,,2
23,33,CFG,,,,,,
24,25,CFG,,,,,,
24,26,PDG,$p0,Local,,,,
25,26,CFG,,,,,,
25,26,PDG,i32.const 4,Const,i32,4,,
26,24,AST,,,,,,0
26,25,AST,,,,,,1
26,27,CFG,,,,,,
26,27,PDG,$p0,Local,,,,
27,26,AST,,,,,,0
27,23,CFG,true,,,,,
27,28,CFG,false,,,,,
28,29,CFG,,,,,,
28,29,PDG,$dlmalloc,Function,,,,
29,28,AST,,,,,,0
29,30,CFG,,,,,,
30,31,CFG,,,,,,
30,31,PDG,$dlmalloc,Function,,,,
31,30,AST,,,,,,0
31,23,CFG,,,,,,
32,24,CFG,,,,,,
33,34,CFG,,,,,,
33,34,PDG,i32.const 512,Const,i32,512,,
34,33,AST,,,,,,0
34,35,CFG,,,,,,
34,38,PDG,$dlmalloc,Function,,,,
35,36,CFG,,,,,,
35,36,PDG,$p1,Local,,,,
36,35,AST,,,,,,0
36,37,CFG,,,,,,
37,38,CFG,,,,,,
37,38,PDG,i32.const 511,Const,i32,511,,
38,34,AST,,,,,,0
38,36,AST,,,,,,1
38,37,AST,,,,,,2
38,39,CFG,,,,,,
38,39,PDG,$strncpy,Function,,,,
39,38,AST,,,,,,0
39,40,CFG,,,,,,
39,42,PDG,$strncpy,Function,,,,
40,41,CFG,,,,,,
40,41,PDG,$dlmalloc,Function,,,,
41,40,AST,,,,,,0
41,42,CFG,,,,,,
42,43,CFG,,,,,,
42,43,PDG,$strncpy,Function,,,,
43,42,AST,,,,,,0
43,44,CFG,,,,,,
44,12,CFG,,,,,,
44,12,PDG,i32.const 0,Const,i32,0,,
