0,Module,,,,,,,,,,,,,,,,
1,Function,$main,5,2,2,1,0,0,,,,,,,,,
2,FunctionSignature,,,,,,,,,,,,,,,,
3,Parameters,,,,,,,,,,,,,,,,
4,VarNode,$p0,0,,,,,,i32,,,,,,,,
5,VarNode,$p1,1,,,,,,i32,,,,,,,,
6,Locals,,,,,,,,,,,,,,,,
7,VarNode,$l2,2,,,,,,i32,,,,,,,,
8,VarNode,$l3,3,,,,,,i32,,,,,,,,
9,Results,,,,,,,,,,,,,,,,
10,VarNode,,0,,,,,,i32,,,,,,,,
11,Instructions,,,,,,,,,,,,,,,,
12,Instruction,,,,,,,,,Return,,,,,,,
13,Instruction,,,,,,,,,Const,,i32,248,,,,
14,Instruction,,,1,,1,,,,Call,,,,,$dlmalloc,,
15,Instruction,,,,,,,,,LocalSet,,,,,$l2,,
16,Instruction,,,,,,,,,Const,,i32,248,,,,
17,Instruction,,,1,,1,,,,Call,,,,,$dlmalloc,,
18,Instruction,,,,,,,,,LocalSet,,,,,$l3,,
19,Instruction,,,,,,,,,LocalGet,,,,,$l2,,
20,Instruction,,,1,,0,,,,Call,,,,,$dummy,,
21,Instruction,,,,,,,,,LocalGet,,,,,$l3,,
22,Instruction,,,1,,0,,,,Call,,,,,$dummy,,
23,Instruction,,,,,0,,,,Block,,,,,$B0,,
24,Instruction,,,,,,,,,LocalGet,,,,,$p0,,
25,Instruction,,,,,,,,,Const,,i32,4,,,,
26,Instruction,,,,,,,,,Compare,i32.lt_s,,,,,,
27,Instruction,,,,,,,,,BrIf,,,,,$B0,,
28,Instruction,,,,,,,,,LocalGet,,,,,$l2,,
29,Instruction,,,1,,0,,,,Call,,,,,$dlfree,,
30,Instruction,,,,,,,,,LocalGet,,,,,$l3,,
31,Instruction,,,1,,0,,,,Call,,,,,$dlfree,,
32,Instruction,,,,,0,,,,BeginBlock,,,,,$B0,,
33,Instruction,,,,,,,,,Const,,i32,512,,,,
34,Instruction,,,1,,1,,,,Call,,,,,$dlmalloc,,
35,Instruction,,,,,,,,,LocalGet,,,,,$p1,,
36,Instruction,,,,,,,,,Load,i32.load,,,,,4,
37,Instruction,,,,,,,,,Const,,i32,511,,,,
38,Instruction,,,3,,1,,,,Call,,,,,$strncpy,,
39,Instruction,,,,,,,,,LocalSet,,,,,$l2,,
40,Instruction,,,,,,,,,LocalGet,,,,,$l3,,
41,Instruction,,,1,,0,,,,Call,,,,,$dlfree,,
42,Instruction,,,,,,,,,LocalGet,,,,,$l2,,
43,Instruction,,,1,,0,,,,Call,,,,,$dlfree,,
44,Instruction,,,,,,,,,Const,,i32,0,,,,
