0,1,AST,,,,,,0
1,2,AST,,,,,,0
1,5,AST,,,,,,1
2,3,AST,,,,,,0
3,4,AST,,,,,,0
5,6,AST,,,,,,0
5,9,AST,,,,,,1
5,10,AST,,,,,,2
5,7,CFG,,,,,,
7,8,CFG,,,,,,
7,8,PDG,i32.const 50,Const,i32,50,,
8,7,AST,,,,,,0
8,9,CFG,,,,,,
8,9,PDG,$dlmalloc,Function,,,,
9,8,AST,,,,,,0
9,20,CFG,,,,,,
9,15,PDG,$dlmalloc,Function,,,,
9,18,PDG,$dlmalloc,Function,,,,
10,14,AST,,,,,,0
10,16,AST,,,,,,1
10,19,AST,,,,,,2
10,6,CFG,,,,,,
11,12,CFG,,,,,,
11,12,PDG,i32.const 0,Const,i32,0,,
12,11,AST,,,,,,0
12,13,CFG,,,,,,
13,12,AST,,,,,,0
13,14,CFG,,,,,,
14,13,AST,,,,,,0
14,10,CFG,true,,,,,
14,15,CFG,false,,,,,
15,16,CFG,,,,,,
15,16,PDG,$dlmalloc,Function,,,,
16,15,AST,,,,,,0
16,17,CFG,,,,,,
17,18,CFG,,,,,,
17,19,PDG,i32.const 1024,Const,i32,1024,,
18,19,CFG,,,,,,
18,19,PDG,$dlmalloc,Function,,,,
19,17,AST,,,,,,0
19,18,AST,,,,,,1
19,10,CFG,,,,,,
20,11,CFG,,,,,,
