0,Module,,,,,,,,,,,,,,,,
1,Function,$useAfterFree,6,0,1,0,1,1,,,,,,,,,
2,FunctionSignature,,,,,,,,,,,,,,,,
3,Locals,,,,,,,,,,,,,,,,
4,VarNode,$l0,0,,,,,,i32,,,,,,,,
5,Instructions,,,,,,,,,,,,,,,,
6,Instruction,,,,,,,,,Return,,,,,,,
7,Instruction,,,,,,,,,Const,,i32,50,,,,
8,Instruction,,,1,,1,,,,Call,,,,,$dlmalloc,,
9,Instruction,,,,,,,,,LocalSet,,,,,$l0,,
10,Instruction,,,,,0,,,,Block,,,,,$B0,,
11,Instruction,,,,,,,,,Const,,i32,0,,,,
12,Instruction,,,,,,,,,Load,i32.load,,,,,1056,
13,Instruction,,,,,,,,,Convert,i32.eqz,,,,,,
14,Instruction,,,,,,,,,BrIf,,,,,$B0,,
15,Instruction,,,,,,,,,LocalGet,,,,,$l0,,
16,Instruction,,,1,,0,,,,Call,,,,,$dlfree,,
17,Instruction,,,,,,,,,Const,,i32,1024,,,,
18,Instruction,,,,,,,,,LocalGet,,,,,$l0,,
19,Instruction,,,2,,0,,,,Call,,,,,$logError,,
20,Instruction,,,,,0,,,,BeginBlock,,,,,$B0,,
