0,Module,,,,,,,,,,,,,,,,
1,Function,$__wasi_args_sizes_get,0,2,0,1,0,0,,,,,,,,,
2,FunctionSignature,,,,,,,,,,,,,,,,
3,Parameters,,,,,,,,,,,,,,,,
4,VarNode,$p0,0,,,,,,i32,,,,,,,,
5,VarNode,$p1,1,,,,,,i32,,,,,,,,
6,Results,,,,,,,,,,,,,,,,
7,VarNode,,0,,,,,,i32,,,,,,,,
8,Function,$__wasi_args_get,1,2,0,1,0,0,,,,,,,,,
9,FunctionSignature,,,,,,,,,,,,,,,,
10,Parameters,,,,,,,,,,,,,,,,
11,VarNode,$p0,0,,,,,,i32,,,,,,,,
12,VarNode,$p1,1,,,,,,i32,,,,,,,,
13,Results,,,,,,,,,,,,,,,,
14,VarNode,,0,,,,,,i32,,,,,,,,
15,Function,$__wasi_proc_exit,2,1,0,0,0,0,,,,,,,,,
16,FunctionSignature,,,,,,,,,,,,,,,,
17,Parameters,,,,,,,,,,,,,,,,
18,VarNode,$p0,0,,,,,,i32,,,,,,,,
19,Function,$__wasm_call_ctors,3,0,0,0,0,0,,,,,,,,,
20,FunctionSignature,,,,,,,,,,,,,,,,
21,Instructions,,,,,,,,,,,,,,,,
22,Instruction,,,,,,,,,Return,,,,,,,
23,Function,$func,4,1,1,1,0,0,,,,,,,,,
24,FunctionSignature,,,,,,,,,,,,,,,,
25,Parameters,,,,,,,,,,,,,,,,
26,VarNode,$p0,0,,,,,,i32,,,,,,,,
27,Locals,,,,,,,,,,,,,,,,
28,VarNode,$l1,1,,,,,,i32,,,,,,,,
29,Results,,,,,,,,,,,,,,,,
30,VarNode,,0,,,,,,i32,,,,,,,,
31,Instructions,,,,,,,,,,,,,,,,
32,Instruction,,,,,,,,,Return,,,,,,,
33,Instruction,,,,,,,,,GlobalGet,,,,,$g0,,
34,Instruction,,,,,,,,,Const,,i32,80,,,,
35,Instruction,,,,,,,,,Binary,i32.sub,,,,,,
36,Instruction,,,,,,,,,LocalTee,,,,,$l1,,
37,Instruction,,,,,,,,,GlobalSet,,,,,$g0,,
38,Instruction,,,,,,,,,LocalGet,,,,,$p0,,
39,Instruction,,,,,,,,,LocalGet,,,,,$l1,,
40,Instruction,,,,,,,,,LocalGet,,,,,$p0,,
41,Instruction,,,2,,1,,,,Call,,,,,$strcpy,,
42,Instruction,,,2,,1,,,,Call,,,,,$strcpy,,
43,Instruction,,,,,,,,,Drop,,,,,,,
44,Instruction,,,,,,,,,Const,,i32,1,,,,
45,Instruction,,,1,,0,,,,Call,,,,,$exit,,
46,Instruction,,,,,,,,,Unreachable,,,,,,,
47,Function,$main,5,2,0,1,0,0,,,,,,,,,
48,FunctionSignature,,,,,,,,,,,,,,,,
49,Parameters,,,,,,,,,,,,,,,,
50,VarNode,$p0,0,,,,,,i32,,,,,,,,
51,VarNode,$p1,1,,,,,,i32,,,,,,,,
52,Results,,,,,,,,,,,,,,,,
53,VarNode,,0,,,,,,i32,,,,,,,,
54,Instructions,,,,,,,,,,,,,,,,
55,Instruction,,,,,,,,,Return,,,,,,,
56,Instruction,,,,,,,,,LocalGet,,,,,$p1,,
57,Instruction,,,,,,,,,Load,i32.load,,,,,4,
58,Instruction,,,1,,1,,,,Call,,,,,$func,,
59,Instruction,,,,,,,,,Drop,,,,,,,
60,Instruction,,,,,,,,,Unreachable,,,,,,,
61,Function,$_start,6,0,0,0,1,1,,,,,,,,,
62,FunctionSignature,,,,,,,,,,,,,,,,
63,Instructions,,,,,,,,,,,,,,,,
64,Instruction,,,,,,,,,Return,,,,,,,
65,Instruction,,,,,0,,,,Block,,,,,$B0,,
66,Instruction,,,,,,,,,Const,,i32,1,,,,
67,Instruction,,,,,,,,,Convert,i32.eqz,,,,,,
68,Instruction,,,,,,,,,BrIf,,,,,$B0,,
69,Instruction,,,0,,0,,,,Call,,,,,$__wasm_call_ctors,,
70,Instruction,,,,,0,,,,BeginBlock,,,,,$B0,,
71,Instruction,,,0,,1,,,,Call,,,,,$__original_main,,
72,Instruction,,,1,,0,,,,Call,,,,,$exit,,
73,Instruction,,,,,,,,,Unreachable,,,,,,,
74,Function,$__stpcpy,7,2,1,1,0,0,,,,,,,,,
75,FunctionSignature,,,,,,,,,,,,,,,,
76,Parameters,,,,,,,,,,,,,,,,
77,VarNode,$p0,0,,,,,,i32,,,,,,,,
78,VarNode,$p1,1,,,,,,i32,,,,,,,,
79,Locals,,,,,,,,,,,,,,,,
80,VarNode,$l2,2,,,,,,i32,,,,,,,,
81,Results,,,,,,,,,,,,,,,,
82,VarNode,,0,,,,,,i32,,,,,,,,
83,Instructions,,,,,,,,,,,,,,,,
84,Instruction,,,,,,,,,Return,,,,,,,
85,Instruction,,,,,0,,,,Block,,,,,$B0,,
86,Instruction,,,,,0,,,,Block,,,,,$B1,,
87,Instruction,,,,,,,,,LocalGet,,,,,$p1,,
88,Instruction,,,,,,,,,LocalGet,,,,,$p0,,
89,Instruction,,,,,,,,,Binary,i32.xor,,,,,,
90,Instruction,,,,,,,,,Const,,i32,3,,,,
91,Instruction,,,,,,,,,Binary,i32.and,,,,,,
92,Instruction,,,,,,,,,BrIf,,,,,$B1,,
93,Instruction,,,,,0,,,,Block,,,,,$B2,,
94,Instruction,,,,,,,,,LocalGet,,,,,$p1,,
95,Instruction,,,,,,,,,Const,,i32,3,,,,
96,Instruction,,,,,,,,,Binary,i32.and,,,,,,
97,Instruction,,,,,,,,,Convert,i32.eqz,,,,,,
98,Instruction,,,,,,,,,BrIf,,,,,$B2,,
99,Instruction,,,,,0,,,,Loop,,,,,$L3,,
100,Instruction,,,,,,,,,LocalGet,,,,,$p0,,
101,Instruction,,,,,,,,,LocalGet,,,,,$p1,,
102,Instruction,,,,,,,,,Load,i32.load8_u,,,,,0,
103,Instruction,,,,,,,,,LocalTee,,,,,$l2,,
104,Instruction,,,,,,,,,Store,i32.store8,,,,,0,
105,Instruction,,,,,,,,,LocalGet,,,,,$l2,,
106,Instruction,,,,,,,,,Convert,i32.eqz,,,,,,
107,Instruction,,,,,,,,,BrIf,,,,,$B0,,
108,Instruction,,,,,,,,,LocalGet,,,,,$p0,,
109,Instruction,,,,,,,,,Const,,i32,1,,,,
110,Instruction,,,,,,,,,Binary,i32.add,,,,,,
111,Instruction,,,,,,,,,LocalSet,,,,,$p0,,
112,Instruction,,,,,,,,,LocalGet,,,,,$p1,,
113,Instruction,,,,,,,,,Const,,i32,1,,,,
114,Instruction,,,,,,,,,Binary,i32.add,,,,,,
115,Instruction,,,,,,,,,LocalTee,,,,,$p1,,
116,Instruction,,,,,,,,,Const,,i32,3,,,,
117,Instruction,,,,,,,,,Binary,i32.and,,,,,,
118,Instruction,,,,,,,,,BrIf,,,,,$L3,,
119,Instruction,,,,,0,,,,BeginBlock,,,,,$B2,,
120,Instruction,,,,,,,,,LocalGet,,,,,$p1,,
121,Instruction,,,,,,,,,Load,i32.load,,,,,0,
122,Instruction,,,,,,,,,LocalTee,,,,,$l2,,
123,Instruction,,,,,,,,,Const,,i32,-1,,,,
124,Instruction,,,,,,,,,Binary,i32.xor,,,,,,
125,Instruction,,,,,,,,,LocalGet,,,,,$l2,,
126,Instruction,,,,,,,,,Const,,i32,-16843009,,,,
127,Instruction,,,,,,,,,Binary,i32.add,,,,,,
128,Instruction,,,,,,,,,Binary,i32.and,,,,,,
129,Instruction,,,,,,,,,Const,,i32,-2139062144,,,,
130,Instruction,,,,,,,,,Binary,i32.and,,,,,,
131,Instruction,,,,,,,,,BrIf,,,,,$B1,,
132,Instruction,,,,,0,,,,Loop,,,,,$L4,,
133,Instruction,,,,,,,,,LocalGet,,,,,$p0,,
134,Instruction,,,,,,,,,LocalGet,,,,,$l2,,
135,Instruction,,,,,,,,,Store,i32.store,,,,,0,
136,Instruction,,,,,,,,,LocalGet,,,,,$p1,,
137,Instruction,,,,,,,,,Load,i32.load,,,,,4,
138,Instruction,,,,,,,,,LocalSet,,,,,$l2,,
139,Instruction,,,,,,,,,LocalGet,,,,,$p0,,
140,Instruction,,,,,,,,,Const,,i32,4,,,,
141,Instruction,,,,,,,,,Binary,i32.add,,,,,,
142,Instruction,,,,,,,,,LocalSet,,,,,$p0,,
143,Instruction,,,,,,,,,LocalGet,,,,,$p1,,
144,Instruction,,,,,,,,,Const,,i32,4,,,,
145,Instruction,,,,,,,,,Binary,i32.add,,,,,,
146,Instruction,,,,,,,,,LocalSet,,,,,$p1,,
147,Instruction,,,,,,,,,LocalGet,,,,,$l2,,
148,Instruction,,,,,,,,,Const,,i32,-1,,,,
149,Instruction,,,,,,,,,Binary,i32.xor,,,,,,
150,Instruction,,,,,,,,,LocalGet,,,,,$l2,,
151,Instruction,,,,,,,,,Const,,i32,-16843009,,,,
152,Instruction,,,,,,,,,Binary,i32.add,,,,,,
153,Instruction,,,,,,,,,Binary,i32.and,,,,,,
154,Instruction,,,,,,,,,Const,,i32,-2139062144,,,,
155,Instruction,,,,,,,,,Binary,i32.and,,,,,,
156,Instruction,,,,,,,,,Convert,i32.eqz,,,,,,
157,Instruction,,,,,,,,,BrIf,,,,,$L4,,
158,Instruction,,,,,0,,,,BeginBlock,,,,,$B1,,
159,Instruction,,,,,,,,,LocalGet,,,,,$p0,,
160,Instruction,,,,,,,,,LocalGet,,,,,$p1,,
161,Instruction,,,,,,,,,Load,i32.load8_u,,,,,0,
162,Instruction,,,,,,,,,LocalTee,,,,,$l2,,
163,Instruction,,,,,,,,,Store,i32.store8,,,,,0,
164,Instruction,,,,,,,,,LocalGet,,,,,$l2,,
165,Instruction,,,,,,,,,Convert,i32.eqz,,,,,,
166,Instruction,,,,,,,,,BrIf,,,,,$B0,,
167,Instruction,,,,,0,,,,Loop,,,,,$L5,,
168,Instruction,,,,,,,,,LocalGet,,,,,$p0,,
169,Instruction,,,,,,,,,LocalGet,,,,,$p1,,
170,Instruction,,,,,,,,,Load,i32.load8_u,,,,,1,
171,Instruction,,,,,,,,,LocalTee,,,,,$l2,,
172,Instruction,,,,,,,,,Store,i32.store8,,,,,1,
173,Instruction,,,,,,,,,LocalGet,,,,,$p0,,
174,Instruction,,,,,,,,,Const,,i32,1,,,,
175,Instruction,,,,,,,,,Binary,i32.add,,,,,,
176,Instruction,,,,,,,,,LocalSet,,,,,$p0,,
177,Instruction,,,,,,,,,LocalGet,,,,,$p1,,
178,Instruction,,,,,,,,,Const,,i32,1,,,,
179,Instruction,,,,,,,,,Binary,i32.add,,,,,,
180,Instruction,,,,,,,,,LocalSet,,,,,$p1,,
181,Instruction,,,,,,,,,LocalGet,,,,,$l2,,
182,Instruction,,,,,,,,,BrIf,,,,,$L5,,
183,Instruction,,,,,0,,,,BeginBlock,,,,,$B0,,
184,Instruction,,,,,,,,,LocalGet,,,,,$p0,,
185,Function,$strcpy,8,2,0,1,0,0,,,,,,,,,
186,FunctionSignature,,,,,,,,,,,,,,,,
187,Parameters,,,,,,,,,,,,,,,,
188,VarNode,$p0,0,,,,,,i32,,,,,,,,
189,VarNode,$p1,1,,,,,,i32,,,,,,,,
190,Results,,,,,,,,,,,,,,,,
191,VarNode,,0,,,,,,i32,,,,,,,,
192,Instructions,,,,,,,,,,,,,,,,
193,Instruction,,,,,,,,,Return,,,,,,,
194,Instruction,,,,,,,,,LocalGet,,,,,$p0,,
195,Instruction,,,,,,,,,LocalGet,,,,,$p1,,
196,Instruction,,,2,,1,,,,Call,,,,,$__stpcpy,,
197,Instruction,,,,,,,,,Drop,,,,,,,
198,Instruction,,,,,,,,,LocalGet,,,,,$p0,,
199,Function,$__original_main,9,0,0,1,0,0,,,,,,,,,
200,FunctionSignature,,,,,,,,,,,,,,,,
201,Results,,,,,,,,,,,,,,,,
202,VarNode,,0,,,,,,i32,,,,,,,,
203,Instructions,,,,,,,,,,,,,,,,
204,Instruction,,,,,,,,,Return,,,,,,,
205,Instruction,,,0,,1,,,,Call,,,,,$__main_void,,
206,Function,$__main_void,10,0,4,1,0,0,,,,,,,,,
207,FunctionSignature,,,,,,,,,,,,,,,,
208,Locals,,,,,,,,,,,,,,,,
209,VarNode,$l0,0,,,,,,i32,,,,,,,,
210,VarNode,$l1,1,,,,,,i32,,,,,,,,
211,VarNode,$l2,2,,,,,,i32,,,,,,,,
212,VarNode,$l3,3,,,,,,i32,,,,,,,,
213,Results,,,,,,,,,,,,,,,,
214,VarNode,,0,,,,,,i32,,,,,,,,
215,Instructions,,,,,,,,,,,,,,,,
216,Instruction,,,,,,,,,Return,,,,,,,
217,Instruction,,,,,,,,,GlobalGet,,,,,$g0,,
218,Instruction,,,,,,,,,Const,,i32,16,,,,
219,Instruction,,,,,,,,,Binary,i32.sub,,,,,,
220,Instruction,,,,,,,,,LocalTee,,,,,$l0,,
221,Instruction,,,,,,,,,GlobalSet,,,,,$g0,,
222,Instruction,,,,,0,,,,Block,,,,,$B0,,
223,Instruction,,,,,0,,,,Block,,,,,$B1,,
224,Instruction,,,,,,,,,LocalGet,,,,,$l0,,
225,Instruction,,,,,,,,,LocalTee,,,,,$l1,,
226,Instruction,,,,,,,,,Const,,i32,12,,,,
227,Instruction,,,,,,,,,Binary,i32.add,,,,,,
228,Instruction,,,,,,,,,LocalGet,,,,,$l1,,
229,Instruction,,,,,,,,,Const,,i32,8,,,,
230,Instruction,,,,,,,,,Binary,i32.add,,,,,,
231,Instruction,,,2,,1,,,,Call,,,,,$__wasi_args_sizes_get,,
232,Instruction,,,,,,,,,BrIf,,,,,$B1,,
233,Instruction,,,,,0,,,,Block,,,,,$B2,,
234,Instruction,,,,,0,,,,Block,,,,,$B3,,
235,Instruction,,,,,,,,,LocalGet,,,,,$l1,,
236,Instruction,,,,,,,,,Load,i32.load,,,,,12,
237,Instruction,,,,,,,,,LocalTee,,,,,$l2,,
238,Instruction,,,,,,,,,BrIf,,,,,$B3,,
239,Instruction,,,,,,,,,Const,,i32,0,,,,
240,Instruction,,,,,,,,,LocalSet,,,,,$l2,,
241,Instruction,,,,,,,,,Br,,,,,$B2,,
242,Instruction,,,,,0,,,,BeginBlock,,,,,$B3,,
243,Instruction,,,,,,,,,LocalGet,,,,,$l0,,
244,Instruction,,,,,,,,,LocalGet,,,,,$l2,,
245,Instruction,,,,,,,,,Const,,i32,2,,,,
246,Instruction,,,,,,,,,Binary,i32.shl,,,,,,
247,Instruction,,,,,,,,,LocalTee,,,,,$l2,,
248,Instruction,,,,,,,,,Const,,i32,19,,,,
249,Instruction,,,,,,,,,Binary,i32.add,,,,,,
250,Instruction,,,,,,,,,Const,,i32,-16,,,,
251,Instruction,,,,,,,,,Binary,i32.and,,,,,,
252,Instruction,,,,,,,,,Binary,i32.sub,,,,,,
253,Instruction,,,,,,,,,LocalTee,,,,,$l0,,
254,Instruction,,,,,,,,,LocalTee,,,,,$l3,,
255,Instruction,,,,,,,,,GlobalSet,,,,,$g0,,
256,Instruction,,,,,,,,,LocalGet,,,,,$l3,,
257,Instruction,,,,,,,,,LocalGet,,,,,$l1,,
258,Instruction,,,,,,,,,Load,i32.load,,,,,8,
259,Instruction,,,,,,,,,Const,,i32,15,,,,
260,Instruction,,,,,,,,,Binary,i32.add,,,,,,
261,Instruction,,,,,,,,,Const,,i32,-16,,,,
262,Instruction,,,,,,,,,Binary,i32.and,,,,,,
263,Instruction,,,,,,,,,Binary,i32.sub,,,,,,
264,Instruction,,,,,,,,,LocalTee,,,,,$l3,,
265,Instruction,,,,,,,,,GlobalSet,,,,,$g0,,
266,Instruction,,,,,,,,,LocalGet,,,,,$l0,,
267,Instruction,,,,,,,,,LocalGet,,,,,$l2,,
268,Instruction,,,,,,,,,Binary,i32.add,,,,,,
269,Instruction,,,,,,,,,Const,,i32,0,,,,
270,Instruction,,,,,,,,,Store,i32.store,,,,,0,
271,Instruction,,,,,,,,,LocalGet,,,,,$l0,,
272,Instruction,,,,,,,,,LocalGet,,,,,$l3,,
273,Instruction,,,2,,1,,,,Call,,,,,$__wasi_args_get,,
274,Instruction,,,,,,,,,BrIf,,,,,$B0,,
275,Instruction,,,,,,,,,LocalGet,,,,,$l1,,
276,Instruction,,,,,,,,,Load,i32.load,,,,,12,
277,Instruction,,,,,,,,,LocalSet,,,,,$l2,,
278,Instruction,,,,,0,,,,BeginBlock,,,,,$B2,,
279,Instruction,,,,,,,,,LocalGet,,,,,$l2,,
280,Instruction,,,,,,,,,LocalGet,,,,,$l0,,
281,Instruction,,,2,,1,,,,Call,,,,,$main.1,,
282,Instruction,,,,,,,,,LocalSet,,,,,$l0,,
283,Instruction,,,,,,,,,LocalGet,,,,,$l1,,
284,Instruction,,,,,,,,,Const,,i32,16,,,,
285,Instruction,,,,,,,,,Binary,i32.add,,,,,,
286,Instruction,,,,,,,,,GlobalSet,,,,,$g0,,
287,Instruction,,,,,,,,,LocalGet,,,,,$l0,,
288,Instruction,,,,,,,,,Return,,,,,,,
289,Instruction,,,,,0,,,,BeginBlock,,,,,$B1,,
290,Instruction,,,,,,,,,Const,,i32,71,,,,
291,Instruction,,,1,,0,,,,Call,,,,,$__wasi_proc_exit,,
292,Instruction,,,,,,,,,Unreachable,,,,,,,
293,Instruction,,,,,0,,,,BeginBlock,,,,,$B0,,
294,Instruction,,,,,,,,,Const,,i32,71,,,,
295,Instruction,,,1,,0,,,,Call,,,,,$__wasi_proc_exit,,
296,Instruction,,,,,,,,,Unreachable,,,,,,,
297,Function,$main.1,11,2,0,1,0,0,,,,,,,,,
298,FunctionSignature,,,,,,,,,,,,,,,,
299,Parameters,,,,,,,,,,,,,,,,
300,VarNode,$p0,0,,,,,,i32,,,,,,,,
301,VarNode,$p1,1,,,,,,i32,,,,,,,,
302,Results,,,,,,,,,,,,,,,,
303,VarNode,,0,,,,,,i32,,,,,,,,
304,Instructions,,,,,,,,,,,,,,,,
305,Instruction,,,,,,,,,Return,,,,,,,
306,Instruction,,,,,,,,,LocalGet,,,,,$p0,,
307,Instruction,,,,,,,,,LocalGet,,,,,$p1,,
308,Instruction,,,2,,1,,,,Call,,,,,$main,,
309,Function,$__errno_location,12,0,0,1,1,1,,,,,,,,,
310,FunctionSignature,,,,,,,,,,,,,,,,
311,Results,,,,,,,,,,,,,,,,
312,VarNode,,0,,,,,,i32,,,,,,,,
313,Instructions,,,,,,,,,,,,,,,,
314,Instruction,,,,,,,,,Return,,,,,,,
315,Instruction,,,,,,,,,Const,,i32,1024,,,,
316,Function,$_Exit,13,1,0,0,0,0,,,,,,,,,
317,FunctionSignature,,,,,,,,,,,,,,,,
318,Parameters,,,,,,,,,,,,,,,,
319,VarNode,$p0,0,,,,,,i32,,,,,,,,
320,Instructions,,,,,,,,,,,,,,,,
321,Instruction,,,,,,,,,Return,,,,,,,
322,Instruction,,,,,,,,,LocalGet,,,,,$p0,,
323,Instruction,,,1,,0,,,,Call,,,,,$__wasi_proc_exit,,
324,Instruction,,,,,,,,,Unreachable,,,,,,,
325,Function,$libc_exit_fini,14,0,1,0,0,0,,,,,,,,,
326,FunctionSignature,,,,,,,,,,,,,,,,
327,Locals,,,,,,,,,,,,,,,,
328,VarNode,$l0,0,,,,,,i32,,,,,,,,
329,Instructions,,,,,,,,,,,,,,,,
330,Instruction,,,,,,,,,Return,,,,,,,
331,Instruction,,,,,,,,,Const,,i32,0,,,,
332,Instruction,,,,,,,,,LocalSet,,,,,$l0,,
333,Instruction,,,,,0,,,,Block,,,,,$B0,,
334,Instruction,,,,,,,,,Const,,i32,0,,,,
335,Instruction,,,,,,,,,Const,,i32,0,,,,
336,Instruction,,,,,,,,,Compare,i32.le_u,,,,,,
337,Instruction,,,,,,,,,BrIf,,,,,$B0,,
338,Instruction,,,,,0,,,,Loop,,,,,$L1,,
339,Instruction,,,,,,,,,LocalGet,,,,,$l0,,
340,Instruction,,,,,,,,,Const,,i32,-4,,,,
341,Instruction,,,,,,,,,Binary,i32.add,,,,,,
342,Instruction,,,,,,,,,LocalTee,,,,,$l0,,
343,Instruction,,,,,,,,,Load,i32.load,,,,,0,
344,Instruction,,,1,,0,,,,CallIndirect,,,,,$__indirect_function_table,,
345,Instruction,,,,,,,,,LocalGet,,,,,$l0,,
346,Instruction,,,,,,,,,Const,,i32,0,,,,
347,Instruction,,,,,,,,,Compare,i32.gt_u,,,,,,
348,Instruction,,,,,,,,,BrIf,,,,,$L1,,
349,Instruction,,,,,0,,,,BeginBlock,,,,,$B0,,
350,Instruction,,,0,,0,,,,Call,,,,,$_fini,,
351,Function,$exit,15,1,0,0,0,0,,,,,,,,,
352,FunctionSignature,,,,,,,,,,,,,,,,
353,Parameters,,,,,,,,,,,,,,,,
354,VarNode,$p0,0,,,,,,i32,,,,,,,,
355,Instructions,,,,,,,,,,,,,,,,
356,Instruction,,,,,,,,,Return,,,,,,,
357,Instruction,,,0,,0,,,,Call,,,,,$_fini,,
358,Instruction,,,0,,0,,,,Call,,,,,$libc_exit_fini,,
359,Instruction,,,0,,0,,,,Call,,,,,$_fini,,
360,Instruction,,,,,,,,,LocalGet,,,,,$p0,,
361,Instruction,,,1,,0,,,,Call,,,,,$_Exit,,
362,Instruction,,,,,,,,,Unreachable,,,,,,,
363,Function,$_fini,16,0,0,0,0,0,,,,,,,,,
364,FunctionSignature,,,,,,,,,,,,,,,,
365,Instructions,,,,,,,,,,,,,,,,
366,Instruction,,,,,,,,,Return,,,,,,,
367,Function,$stackSave,17,0,0,1,1,1,,,,,,,,,
368,FunctionSignature,,,,,,,,,,,,,,,,
369,Results,,,,,,,,,,,,,,,,
370,VarNode,,0,,,,,,i32,,,,,,,,
371,Instructions,,,,,,,,,,,,,,,,
372,Instruction,,,,,,,,,Return,,,,,,,
373,Instruction,,,,,,,,,GlobalGet,,,,,$g0,,
374,Function,$stackRestore,18,1,0,0,1,1,,,,,,,,,
375,FunctionSignature,,,,,,,,,,,,,,,,
376,Parameters,,,,,,,,,,,,,,,,
377,VarNode,$p0,0,,,,,,i32,,,,,,,,
378,Instructions,,,,,,,,,,,,,,,,
379,Instruction,,,,,,,,,Return,,,,,,,
380,Instruction,,,,,,,,,LocalGet,,,,,$p0,,
381,Instruction,,,,,,,,,GlobalSet,,,,,$g0,,
382,Function,$stackAlloc,19,1,2,1,1,1,,,,,,,,,
383,FunctionSignature,,,,,,,,,,,,,,,,
384,Parameters,,,,,,,,,,,,,,,,
385,VarNode,$p0,0,,,,,,i32,,,,,,,,
386,Locals,,,,,,,,,,,,,,,,
387,VarNode,$l1,1,,,,,,i32,,,,,,,,
388,VarNode,$l2,2,,,,,,i32,,,,,,,,
389,Results,,,,,,,,,,,,,,,,
390,VarNode,,0,,,,,,i32,,,,,,,,
391,Instructions,,,,,,,,,,,,,,,,
392,Instruction,,,,,,,,,Return,,,,,,,
393,Instruction,,,,,,,,,GlobalGet,,,,,$g0,,
394,Instruction,,,,,,,,,LocalGet,,,,,$p0,,
395,Instruction,,,,,,,,,Binary,i32.sub,,,,,,
396,Instruction,,,,,,,,,Const,,i32,-16,,,,
397,Instruction,,,,,,,,,Binary,i32.and,,,,,,
398,Instruction,,,,,,,,,LocalTee,,,,,$l1,,
399,Instruction,,,,,,,,,GlobalSet,,,,,$g0,,
400,Instruction,,,,,,,,,LocalGet,,,,,$l1,,
401,Function,$__lockfile,20,1,0,1,0,0,,,,,,,,,
402,FunctionSignature,,,,,,,,,,,,,,,,
403,Parameters,,,,,,,,,,,,,,,,
404,VarNode,$p0,0,,,,,,i32,,,,,,,,
405,Results,,,,,,,,,,,,,,,,
406,VarNode,,0,,,,,,i32,,,,,,,,
407,Instructions,,,,,,,,,,,,,,,,
408,Instruction,,,,,,,,,Return,,,,,,,
409,Instruction,,,,,,,,,Const,,i32,1,,,,
410,Function,$__unlockfile,21,1,0,0,0,0,,,,,,,,,
411,FunctionSignature,,,,,,,,,,,,,,,,
412,Parameters,,,,,,,,,,,,,,,,
413,VarNode,$p0,0,,,,,,i32,,,,,,,,
414,Instructions,,,,,,,,,,,,,,,,
415,Instruction,,,,,,,,,Return,,,,,,,
416,Function,$__lock,22,1,0,0,0,0,,,,,,,,,
417,FunctionSignature,,,,,,,,,,,,,,,,
418,Parameters,,,,,,,,,,,,,,,,
419,VarNode,$p0,0,,,,,,i32,,,,,,,,
420,Instructions,,,,,,,,,,,,,,,,
421,Instruction,,,,,,,,,Return,,,,,,,
422,Function,$__unlock,23,1,0,0,0,0,,,,,,,,,
423,FunctionSignature,,,,,,,,,,,,,,,,
424,Parameters,,,,,,,,,,,,,,,,
425,VarNode,$p0,0,,,,,,i32,,,,,,,,
426,Instructions,,,,,,,,,,,,,,,,
427,Instruction,,,,,,,,,Return,,,,,,,
428,Function,$__ofl_lock,24,0,0,1,0,0,,,,,,,,,
429,FunctionSignature,,,,,,,,,,,,,,,,
430,Results,,,,,,,,,,,,,,,,
431,VarNode,,0,,,,,,i32,,,,,,,,
432,Instructions,,,,,,,,,,,,,,,,
433,Instruction,,,,,,,,,Return,,,,,,,
434,Instruction,,,,,,,,,Const,,i32,1028,,,,
435,Instruction,,,1,,0,,,,Call,,,,,$__lock,,
436,Instruction,,,,,,,,,Const,,i32,1036,,,,
437,Function,$__ofl_unlock,25,0,0,0,0,0,,,,,,,,,
438,FunctionSignature,,,,,,,,,,,,,,,,
439,Instructions,,,,,,,,,,,,,,,,
440,Instruction,,,,,,,,,Return,,,,,,,
441,Instruction,,,,,,,,,Const,,i32,1028,,,,
442,Instruction,,,1,,0,,,,Call,,,,,$__unlock,,
443,Function,$fflush,26,1,2,1,1,1,,,,,,,,,
444,FunctionSignature,,,,,,,,,,,,,,,,
445,Parameters,,,,,,,,,,,,,,,,
446,VarNode,$p0,0,,,,,,i32,,,,,,,,
447,Locals,,,,,,,,,,,,,,,,
448,VarNode,$l1,1,,,,,,i32,,,,,,,,
449,VarNode,$l2,2,,,,,,i32,,,,,,,,
450,Results,,,,,,,,,,,,,,,,
451,VarNode,,0,,,,,,i32,,,,,,,,
452,Instructions,,,,,,,,,,,,,,,,
453,Instruction,,,,,,,,,Return,,,,,,,
454,Instruction,,,,,0,,,,Block,,,,,$B0,,
455,Instruction,,,,,0,,,,Block,,,,,$B1,,
456,Instruction,,,,,,,,,LocalGet,,,,,$p0,,
457,Instruction,,,,,,,,,Convert,i32.eqz,,,,,,
458,Instruction,,,,,,,,,BrIf,,,,,$B1,,
459,Instruction,,,,,0,,,,Block,,,,,$B2,,
460,Instruction,,,,,,,,,LocalGet,,,,,$p0,,
461,Instruction,,,,,,,,,Load,i32.load,,,,,76,
462,Instruction,,,,,,,,,Const,,i32,-1,,,,
463,Instruction,,,,,,,,,Compare,i32.gt_s,,,,,,
464,Instruction,,,,,,,,,BrIf,,,,,$B2,,
465,Instruction,,,,,,,,,LocalGet,,,,,$p0,,
466,Instruction,,,1,,1,,,,Call,,,,,$__fflush_unlocked,,
467,Instruction,,,,,,,,,Return,,,,,,,
468,Instruction,,,,,0,,,,BeginBlock,,,,,$B2,,
469,Instruction,,,,,,,,,LocalGet,,,,,$p0,,
470,Instruction,,,1,,1,,,,Call,,,,,$__lockfile,,
471,Instruction,,,,,,,,,LocalSet,,,,,$l1,,
472,Instruction,,,,,,,,,LocalGet,,,,,$p0,,
473,Instruction,,,1,,1,,,,Call,,,,,$__fflush_unlocked,,
474,Instruction,,,,,,,,,LocalSet,,,,,$l2,,
475,Instruction,,,,,,,,,LocalGet,,,,,$l1,,
476,Instruction,,,,,,,,,Convert,i32.eqz,,,,,,
477,Instruction,,,,,,,,,BrIf,,,,,$B0,,
478,Instruction,,,,,,,,,LocalGet,,,,,$p0,,
479,Instruction,,,1,,0,,,,Call,,,,,$__unlockfile,,
480,Instruction,,,,,,,,,LocalGet,,,,,$l2,,
481,Instruction,,,,,,,,,Return,,,,,,,
482,Instruction,,,,,0,,,,BeginBlock,,,,,$B1,,
483,Instruction,,,,,,,,,Const,,i32,0,,,,
484,Instruction,,,,,,,,,LocalSet,,,,,$l2,,
485,Instruction,,,,,0,,,,Block,,,,,$B3,,
486,Instruction,,,,,,,,,Const,,i32,0,,,,
487,Instruction,,,,,,,,,Load,i32.load,,,,,1040,
488,Instruction,,,,,,,,,Convert,i32.eqz,,,,,,
489,Instruction,,,,,,,,,BrIf,,,,,$B3,,
490,Instruction,,,,,,,,,Const,,i32,0,,,,
491,Instruction,,,,,,,,,Load,i32.load,,,,,1040,
492,Instruction,,,1,,1,,,,Call,,,,,$fflush,,
493,Instruction,,,,,,,,,LocalSet,,,,,$l2,,
494,Instruction,,,,,0,,,,BeginBlock,,,,,$B3,,
495,Instruction,,,,,0,,,,Block,,,,,$B4,,
496,Instruction,,,0,,1,,,,Call,,,,,$__ofl_lock,,
497,Instruction,,,,,,,,,Load,i32.load,,,,,0,
498,Instruction,,,,,,,,,LocalTee,,,,,$p0,,
499,Instruction,,,,,,,,,Convert,i32.eqz,,,,,,
500,Instruction,,,,,,,,,BrIf,,,,,$B4,,
501,Instruction,,,,,0,,,,Loop,,,,,$L5,,
502,Instruction,,,,,,,,,Const,,i32,0,,,,
503,Instruction,,,,,,,,,LocalSet,,,,,$l1,,
504,Instruction,,,,,0,,,,Block,,,,,$B6,,
505,Instruction,,,,,,,,,LocalGet,,,,,$p0,,
506,Instruction,,,,,,,,,Load,i32.load,,,,,76,
507,Instruction,,,,,,,,,Const,,i32,0,,,,
508,Instruction,,,,,,,,,Compare,i32.lt_s,,,,,,
509,Instruction,,,,,,,,,BrIf,,,,,$B6,,
510,Instruction,,,,,,,,,LocalGet,,,,,$p0,,
511,Instruction,,,1,,1,,,,Call,,,,,$__lockfile,,
512,Instruction,,,,,,,,,LocalSet,,,,,$l1,,
513,Instruction,,,,,0,,,,BeginBlock,,,,,$B6,,
514,Instruction,,,,,0,,,,Block,,,,,$B7,,
515,Instruction,,,,,,,,,LocalGet,,,,,$p0,,
516,Instruction,,,,,,,,,Load,i32.load,,,,,20,
517,Instruction,,,,,,,,,LocalGet,,,,,$p0,,
518,Instruction,,,,,,,,,Load,i32.load,,,,,28,
519,Instruction,,,,,,,,,Compare,i32.le_u,,,,,,
520,Instruction,,,,,,,,,BrIf,,,,,$B7,,
521,Instruction,,,,,,,,,LocalGet,,,,,$p0,,
522,Instruction,,,1,,1,,,,Call,,,,,$__fflush_unlocked,,
523,Instruction,,,,,,,,,LocalGet,,,,,$l2,,
524,Instruction,,,,,,,,,Binary,i32.or,,,,,,
525,Instruction,,,,,,,,,LocalSet,,,,,$l2,,
526,Instruction,,,,,0,,,,BeginBlock,,,,,$B7,,
527,Instruction,,,,,0,,,,Block,,,,,$B8,,
528,Instruction,,,,,,,,,LocalGet,,,,,$l1,,
529,Instruction,,,,,,,,,Convert,i32.eqz,,,,,,
530,Instruction,,,,,,,,,BrIf,,,,,$B8,,
531,Instruction,,,,,,,,,LocalGet,,,,,$p0,,
532,Instruction,,,1,,0,,,,Call,,,,,$__unlockfile,,
533,Instruction,,,,,0,,,,BeginBlock,,,,,$B8,,
534,Instruction,,,,,,,,,LocalGet,,,,,$p0,,
535,Instruction,,,,,,,,,Load,i32.load,,,,,56,
536,Instruction,,,,,,,,,LocalTee,,,,,$p0,,
537,Instruction,,,,,,,,,BrIf,,,,,$L5,,
538,Instruction,,,,,0,,,,BeginBlock,,,,,$B4,,
539,Instruction,,,0,,0,,,,Call,,,,,$__ofl_unlock,,
540,Instruction,,,,,0,,,,BeginBlock,,,,,$B0,,
541,Instruction,,,,,,,,,LocalGet,,,,,$l2,,
542,Function,$__fflush_unlocked,27,1,2,1,0,0,,,,,,,,,
543,FunctionSignature,,,,,,,,,,,,,,,,
544,Parameters,,,,,,,,,,,,,,,,
545,VarNode,$p0,0,,,,,,i32,,,,,,,,
546,Locals,,,,,,,,,,,,,,,,
547,VarNode,$l1,1,,,,,,i32,,,,,,,,
548,VarNode,$l2,2,,,,,,i32,,,,,,,,
549,Results,,,,,,,,,,,,,,,,
550,VarNode,,0,,,,,,i32,,,,,,,,
551,Instructions,,,,,,,,,,,,,,,,
552,Instruction,,,,,,,,,Return,,,,,,,
553,Instruction,,,,,0,,,,Block,,,,,$B0,,
554,Instruction,,,,,,,,,LocalGet,,,,,$p0,,
555,Instruction,,,,,,,,,Load,i32.load,,,,,20,
556,Instruction,,,,,,,,,LocalGet,,,,,$p0,,
557,Instruction,,,,,,,,,Load,i32.load,,,,,28,
558,Instruction,,,,,,,,,Compare,i32.le_u,,,,,,
559,Instruction,,,,,,,,,BrIf,,,,,$B0,,
560,Instruction,,,,,,,,,LocalGet,,,,,$p0,,
561,Instruction,,,,,,,,,Const,,i32,0,,,,
562,Instruction,,,,,,,,,Const,,i32,0,,,,
563,Instruction,,,,,,,,,LocalGet,,,,,$p0,,
564,Instruction,,,,,,,,,Load,i32.load,,,,,36,
565,Instruction,,,4,,1,,,,CallIndirect,,,,,$__indirect_function_table,,
566,Instruction,,,,,,,,,Drop,,,,,,,
567,Instruction,,,,,,,,,LocalGet,,,,,$p0,,
568,Instruction,,,,,,,,,Load,i32.load,,,,,20,
569,Instruction,,,,,,,,,BrIf,,,,,$B0,,
570,Instruction,,,,,,,,,Const,,i32,-1,,,,
571,Instruction,,,,,,,,,Return,,,,,,,
572,Instruction,,,,,0,,,,BeginBlock,,,,,$B0,,
573,Instruction,,,,,0,,,,Block,,,,,$B1,,
574,Instruction,,,,,,,,,LocalGet,,,,,$p0,,
575,Instruction,,,,,,,,,Load,i32.load,,,,,4,
576,Instruction,,,,,,,,,LocalTee,,,,,$l1,,
577,Instruction,,,,,,,,,LocalGet,,,,,$p0,,
578,Instruction,,,,,,,,,Load,i32.load,,,,,8,
579,Instruction,,,,,,,,,LocalTee,,,,,$l2,,
580,Instruction,,,,,,,,,Compare,i32.ge_u,,,,,,
581,Instruction,,,,,,,,,BrIf,,,,,$B1,,
582,Instruction,,,,,,,,,LocalGet,,,,,$p0,,
583,Instruction,,,,,,,,,LocalGet,,,,,$l1,,
584,Instruction,,,,,,,,,LocalGet,,,,,$l2,,
585,Instruction,,,,,,,,,Binary,i32.sub,,,,,,
586,Instruction,,,,,,,,,Convert,i64.extend_i32_s,,,,,,
587,Instruction,,,,,,,,,Const,,i32,1,,,,
588,Instruction,,,,,,,,,LocalGet,,,,,$p0,,
589,Instruction,,,,,,,,,Load,i32.load,,,,,40,
590,Instruction,,,4,,1,,,,CallIndirect,,,,,$__indirect_function_table,,
591,Instruction,,,,,,,,,Drop,,,,,,,
592,Instruction,,,,,0,,,,BeginBlock,,,,,$B1,,
593,Instruction,,,,,,,,,LocalGet,,,,,$p0,,
594,Instruction,,,,,,,,,Const,,i32,0,,,,
595,Instruction,,,,,,,,,Store,i32.store,,,,,28,
596,Instruction,,,,,,,,,LocalGet,,,,,$p0,,
597,Instruction,,,,,,,,,Const,,i64,0,,,,
598,Instruction,,,,,,,,,Store,i64.store,,,,,16,
599,Instruction,,,,,,,,,LocalGet,,,,,$p0,,
600,Instruction,,,,,,,,,Const,,i64,0,,,,
601,Instruction,,,,,,,,,Store,i64.store,,,,,4,
602,Instruction,,,,,,,,,Const,,i32,0,,,,
603,Trap,,,,,,,,,,,,,,,,
