0,Module,,,,,,,,,,,,,,,,
1,Function,$main,5,2,1,1,0,0,,,,,,,,,
2,FunctionSignature,,,,,,,,,,,,,,,,
3,Parameters,,,,,,,,,,,,,,,,
4,VarNode,$p0,0,,,,,,i32,,,,,,,,
5,VarNode,$p1,1,,,,,,i32,,,,,,,,
6,Locals,,,,,,,,,,,,,,,,
7,VarNode,$l2,2,,,,,,i32,,,,,,,,
8,Results,,,,,,,,,,,,,,,,
9,VarNode,,0,,,,,,i32,,,,,,,,
10,Instructions,,,,,,,,,,,,,,,,
11,Instruction,,,,,,,,,Return,,,,,,,
12,Instruction,,,,,,,,,GlobalGet,,,,,$g0,,
13,Instruction,,,,,,,,,Const,,i32,64,,,,
14,Instruction,,,,,,,,,Binary,i32.sub,,,,,,
15,Instruction,,,,,,,,,LocalTee,,,,,$l2,,
16,Instruction,,,,,,,,,GlobalSet,,,,,$g0,,
17,Instruction,,,,,,,,,Const,,i32,0,,,,
18,Instruction,,,,,,,,,LocalGet,,,,,$l2,,
19,Instruction,,,,,,,,,Const,,i32,128,,,,
20,Instruction,,,3,,1,,,,Call,,,,,$read,,
21,Instruction,,,,,,,,,Drop,,,,,,,
22,Instruction,,,,,,,,,LocalGet,,,,,$l2,,
23,Instruction,,,,,,,,,Const,,i32,64,,,,
24,Instruction,,,,,,,,,Binary,i32.add,,,,,,
25,Instruction,,,,,,,,,GlobalSet,,,,,$g0,,
26,Instruction,,,,,,,,,Const,,i32,1,,,,
