0,Module,,,,,,,,,,,,,,,,
1,Function,$__original_main,10,0,0,1,0,0,,,,,,,,,
2,FunctionSignature,,,,,,,,,,,,,,,,
3,Results,,,,,,,,,,,,,,,,
4,VarNode,,0,,,,,,i32,,,,,,,,
5,Instructions,,,,,,,,,,,,,,,,
6,Instruction,,,,,,,,,Return,,,,,,,
7,Instruction,,,0,,0,,,,Call,,,,,$init,,
8,Instruction,,,,,,,,,Const,,i32,1161,,,,
9,Instruction,,,1,,1,,,,Call,,,,,$puts,,
10,Instruction,,,,,,,,,Drop,,,,,,,
11,Instruction,,,0,,1,,,,Call,,,,,$get_secret,,
12,Instruction,,,,,,,,,Drop,,,,,,,
13,Instruction,,,,,,,,,Const,,i32,4096,,,,
14,Instruction,,,1,,1,,,,Call,,,,,$read_bytes_to_mmap_memory,,
15,Instruction,,,1,,0,,,,CallIndirect,,,,,$__indirect_function_table,,
16,Instruction,,,,,,,,,Const,,i32,0,,,,
