0,1,AST,,,,,,0
1,2,AST,,,,,,0
1,9,AST,,,,,,1
2,3,AST,,,,,,0
2,6,AST,,,,,,1
3,4,AST,,,,,,0
3,5,AST,,,,,,1
6,7,AST,,,,,,0
6,8,AST,,,,,,1
9,10,AST,,,,,,0
9,11,AST,,,,,,1
9,62,AST,,,,,,2
9,63,AST,,,,,,3
9,99,AST,,,,,,4
9,11,CFG,,,,,,
11,17,AST,,,,,,0
11,40,AST,,,,,,1
11,12,CFG,,,,,,
12,13,CFG,,,,,,
12,13,PDG,$p0,Local,,,,
13,12,AST,,,,,,0
13,14,CFG,,,,,,
13,14,PDG,$fgetc,Function,,,,
14,13,AST,,,,,,0
14,15,CFG,,,,,,
14,16,PDG,$fgetc,Function,,,,
14,37,PDG,$fgetc,Function,,,,
14,44,PDG,$fgetc,Function,,,,
14,46,PDG,$fgetc,Function,,,,
15,16,CFG,,,,,,
15,16,PDG,i32.const 35,Const,i32,35,,
16,14,AST,,,,,,0
16,15,AST,,,,,,1
16,17,CFG,,,,,,
16,17,PDG,$fgetc,Function,,,,
17,16,AST,,,,,,0
17,18,AST,,,,,,1
17,19,CFG,true,,,,,
17,100,CFG,false,,,,,
18,20,AST,,,,,,0
18,37,CFG,,,,,,
19,20,CFG,,,,,,
20,29,AST,,,,,,0
20,36,AST,,,,,,1
20,21,CFG,,,,,,
21,22,CFG,,,,,,
21,22,PDG,$p0,Local,,,,
22,21,AST,,,,,,0
22,23,CFG,,,,,,
22,23,PDG,$fgetc,Function,,,,
23,22,AST,,,,,,0
23,24,CFG,,,,,,
23,25,PDG,$fgetc,Function,,,,
23,37,PDG,$fgetc,Function,,,,
23,44,PDG,$fgetc,Function,,,,
23,46,PDG,$fgetc,Function,,,,
24,25,CFG,,,,,,
24,25,PDG,i32.const 1,Const,i32,1,,
25,23,AST,,,,,,0
25,24,AST,,,,,,1
25,26,CFG,,,,,,
25,26,PDG,$fgetc,Function,,,,
26,25,AST,,,,,,0
26,27,CFG,,,,,,
26,28,PDG,$fgetc,Function,,,,
26,31,PDG,$fgetc,Function,,,,
27,28,CFG,,,,,,
27,28,PDG,i32.const 14,Const,i32,14,,
28,26,AST,,,,,,0
28,27,AST,,,,,,1
28,29,CFG,,,,,,
28,29,PDG,$fgetc,Function,,,,
29,28,AST,,,,,,0
29,20,CFG,true,,,,,
29,30,CFG,false,,,,,
30,31,CFG,,,,,,
30,32,PDG,i32.const 1,Const,i32,1,,
31,32,CFG,,,,,,
31,32,PDG,$fgetc,Function,,,,
32,30,AST,,,,,,0
32,31,AST,,,,,,1
32,33,CFG,,,,,,
32,34,PDG,$fgetc,Function,,,,
33,34,CFG,,,,,,
33,34,PDG,i32.const 18433,Const,i32,18433,,
34,32,AST,,,,,,0
34,33,AST,,,,,,1
34,35,CFG,,,,,,
34,35,PDG,$fgetc,Function,,,,
35,34,AST,,,,,,0
35,36,CFG,,,,,,
35,36,PDG,$fgetc,Function,,,,
36,35,AST,,,,,,0
36,18,CFG,false,,,,,
36,20,CFG,true,,,,,
37,38,CFG,,,,,,
37,39,PDG,$fgetc,Function,,,,
38,39,CFG,,,,,,
38,39,PDG,i32.const -1,Const,i32,-1,,
39,37,AST,,,,,,0
39,38,AST,,,,,,1
39,40,CFG,,,,,,
39,40,PDG,$fgetc,Function,,,,
40,39,AST,,,,,,0
40,41,AST,,,,,,1
40,42,CFG,true,,,,,
40,101,CFG,false,,,,,
41,45,AST,,,,,,0
41,52,AST,,,,,,1
41,56,AST,,,,,,2
41,60,AST,,,,,,3
41,102,CFG,,,,,,
42,43,CFG,,,,,,
43,44,CFG,,,,,,
43,45,PDG,$p1,Local,,,,
44,45,CFG,,,,,,
44,45,PDG,$fgetc,Function,,,,
45,43,AST,,,,,,0
45,44,AST,,,,,,1
45,46,CFG,,,,,,
46,47,CFG,,,,,,
46,48,PDG,$fgetc,Function,,,,
47,48,CFG,,,,,,
47,48,PDG,i32.const 24,Const,i32,24,,
48,46,AST,,,,,,0
48,47,AST,,,,,,1
48,49,CFG,,,,,,
48,49,PDG,$fgetc,Function,,,,
49,48,AST,,,,,,0
49,50,CFG,,,,,,
49,51,PDG,$fgetc,Function,,,,
49,53,PDG,$fgetc,Function,,,,
49,57,PDG,$fgetc,Function,,,,
50,51,CFG,,,,,,
50,51,PDG,i32.const 167772160,Const,i32,167772160,,
51,49,AST,,,,,,0
51,50,AST,,,,,,1
51,52,CFG,,,,,,
51,52,PDG,$fgetc,Function,,,,
52,51,AST,,,,,,0
52,11,CFG,true,,,,,
52,53,CFG,false,,,,,
53,54,CFG,,,,,,
53,55,PDG,$fgetc,Function,,,,
54,55,CFG,,,,,,
54,55,PDG,i32.const 218103808,Const,i32,218103808,,
55,53,AST,,,,,,0
55,54,AST,,,,,,1
55,56,CFG,,,,,,
55,56,PDG,$fgetc,Function,,,,
56,55,AST,,,,,,0
56,11,CFG,true,,,,,
56,57,CFG,false,,,,,
57,58,CFG,,,,,,
57,59,PDG,$fgetc,Function,,,,
58,59,CFG,,,,,,
58,59,PDG,i32.const 536870912,Const,i32,536870912,,
59,57,AST,,,,,,0
59,58,AST,,,,,,1
59,60,CFG,,,,,,
59,60,PDG,$fgetc,Function,,,,
60,59,AST,,,,,,0
60,11,CFG,true,,,,,
60,41,CFG,false,,,,,
61,62,CFG,,,,,,
61,62,PDG,i32.const 0,Const,i32,0,,
62,61,AST,,,,,,0
62,63,CFG,,,,,,
62,72,PDG,i32.const 0,Const,i32,0,,
62,96,PDG,i32.const 0,Const,i32,0,,
63,64,AST,,,,,,0
63,94,CFG,,,,,,
64,70,AST,,,,,,0
64,78,AST,,,,,,1
64,85,AST,,,,,,2
64,89,AST,,,,,,3
64,93,AST,,,,,,4
64,103,CFG,,,,,,
65,66,CFG,,,,,,
65,66,PDG,$p0,Local,,,,
66,65,AST,,,,,,0
66,67,CFG,,,,,,
66,67,PDG,$fgetc,Function,,,,
67,66,AST,,,,,,0
67,68,CFG,,,,,,
67,69,PDG,$fgetc,Function,,,,
67,77,PDG,$fgetc,Function,,,,
67,79,PDG,$fgetc,Function,,,,
68,69,CFG,,,,,,
68,69,PDG,i32.const -1,Const,i32,-1,,
69,67,AST,,,,,,0
69,68,AST,,,,,,1
69,70,CFG,,,,,,
69,70,PDG,$fgetc,Function,,,,
70,69,AST,,,,,,0
70,64,CFG,true,,,,,
70,71,CFG,false,,,,,
71,72,CFG,,,,,,
71,76,PDG,$p1,Local,,,,
72,73,CFG,,,,,,
72,74,PDG,i32.const 0,Const,i32,0,,
73,74,CFG,,,,,,
73,74,PDG,i32.const 1,Const,i32,1,,
74,72,AST,,,,,,0
74,73,AST,,,,,,1
74,75,CFG,,,,,,
75,74,AST,,,,,,0
75,76,CFG,,,,,,
76,71,AST,,,,,,0
76,75,AST,,,,,,1
76,77,CFG,,,,,,
76,78,PDG,$p1,Local,,,,
77,78,CFG,,,,,,
77,78,PDG,$fgetc,Function,,,,
78,76,AST,,,,,,0
78,77,AST,,,,,,1
78,79,CFG,,,,,,
79,80,CFG,,,,,,
79,81,PDG,$fgetc,Function,,,,
80,81,CFG,,,,,,
80,81,PDG,i32.const 24,Const,i32,24,,
81,79,AST,,,,,,0
81,80,AST,,,,,,1
81,82,CFG,,,,,,
81,82,PDG,$fgetc,Function,,,,
82,81,AST,,,,,,0
82,83,CFG,,,,,,
82,84,PDG,$fgetc,Function,,,,
82,86,PDG,$fgetc,Function,,,,
82,90,PDG,$fgetc,Function,,,,
83,84,CFG,,,,,,
83,84,PDG,i32.const 167772160,Const,i32,167772160,,
84,82,AST,,,,,,0
84,83,AST,,,,,,1
84,85,CFG,,,,,,
84,85,PDG,$fgetc,Function,,,,
85,84,AST,,,,,,0
85,64,CFG,true,,,,,
85,86,CFG,false,,,,,
86,87,CFG,,,,,,
86,88,PDG,$fgetc,Function,,,,
87,88,CFG,,,,,,
87,88,PDG,i32.const 536870912,Const,i32,536870912,,
88,86,AST,,,,,,0
88,87,AST,,,,,,1
88,89,CFG,,,,,,
88,89,PDG,$fgetc,Function,,,,
89,88,AST,,,,,,0
89,64,CFG,true,,,,,
89,90,CFG,false,,,,,
90,91,CFG,,,,,,
90,92,PDG,$fgetc,Function,,,,
91,92,CFG,,,,,,
91,92,PDG,i32.const 218103808,Const,i32,218103808,,
92,90,AST,,,,,,0
92,91,AST,,,,,,1
92,93,CFG,,,,,,
92,93,PDG,$fgetc,Function,,,,
93,92,AST,,,,,,0
93,63,CFG,true,,,,,
93,64,CFG,false,,,,,
94,65,CFG,,,,,,
95,96,CFG,,,,,,
95,97,PDG,$p1,Local,,,,
96,97,CFG,,,,,,
96,97,PDG,i32.const 0,Const,i32,0,,
97,95,AST,,,,,,0
97,96,AST,,,,,,1
97,98,CFG,,,,,,
97,99,PDG,$p1,Local,,,,
98,99,CFG,,,,,,
98,99,PDG,i32.const 0,Const,i32,0,,
99,97,AST,,,,,,0
99,98,AST,,,,,,1
99,10,CFG,,,,,,
100,18,CFG,,,,,,
101,41,CFG,,,,,,
102,61,CFG,,,,,,
103,95,CFG,,,,,,
