0,Module,,,,,,,,,,,,,,,,
1,Function,$get_token,25,2,2,0,0,0,,,,,,,,,
2,FunctionSignature,,,,,,,,,,,,,,,,
3,Parameters,,,,,,,,,,,,,,,,
4,VarNode,$p0,0,,,,,,i32,,,,,,,,
5,VarNode,$p1,1,,,,,,i32,,,,,,,,
6,Locals,,,,,,,,,,,,,,,,
7,VarNode,$l2,2,,,,,,i32,,,,,,,,
8,VarNode,$l3,3,,,,,,i32,,,,,,,,
9,Instructions,,,,,,,,,,,,,,,,
10,Instruction,,,,,,,,,Return,,,,,,,
11,Instruction,,,,,0,,,,Loop,,,,,$L0,,
12,Instruction,,,,,,,,,LocalGet,,,,,$p0,,
13,Instruction,,,1,,1,,,,Call,,,,,$fgetc,,
14,Instruction,,,,,,,,,LocalTee,,,,,$l3,,
15,Instruction,,,,,,,,,Const,,i32,35,,,,
16,Instruction,,,,,,,,,Compare,i32.eq,,,,,,
17,Instruction,,,,,0,,,,If,,,,,,,0
18,Instruction,,,,,0,,,,Block,,,,,$I1,,
19,Instruction,,,,,0,,,,BeginBlock,,,,,$I1,,
20,Instruction,,,,,0,,,,Loop,,,,,$L2,,
21,Instruction,,,,,,,,,LocalGet,,,,,$p0,,
22,Instruction,,,1,,1,,,,Call,,,,,$fgetc,,
23,Instruction,,,,,,,,,LocalTee,,,,,$l3,,
24,Instruction,,,,,,,,,Const,,i32,1,,,,
25,Instruction,,,,,,,,,Binary,i32.add,,,,,,
26,Instruction,,,,,,,,,LocalTee,,,,,$l2,,
27,Instruction,,,,,,,,,Const,,i32,14,,,,
28,Instruction,,,,,,,,,Compare,i32.gt_u,,,,,,
29,Instruction,,,,,,,,,BrIf,,,,,$L2,,
30,Instruction,,,,,,,,,Const,,i32,1,,,,
31,Instruction,,,,,,,,,LocalGet,,,,,$l2,,
32,Instruction,,,,,,,,,Binary,i32.shl,,,,,,
33,Instruction,,,,,,,,,Const,,i32,18433,,,,
34,Instruction,,,,,,,,,Binary,i32.and,,,,,,
35,Instruction,,,,,,,,,Convert,i32.eqz,,,,,,
36,Instruction,,,,,,,,,BrIf,,,,,$L2,,
37,Instruction,,,,,,,,,LocalGet,,,,,$l3,,
38,Instruction,,,,,,,,,Const,,i32,-1,,,,
39,Instruction,,,,,,,,,Compare,i32.ne,,,,,,
40,Instruction,,,,,0,,,,If,,,,,,,0
41,Instruction,,,,,0,,,,Block,,,,,$I3,,
42,Instruction,,,,,0,,,,BeginBlock,,,,,$I3,,
43,Instruction,,,,,,,,,LocalGet,,,,,$p1,,
44,Instruction,,,,,,,,,LocalGet,,,,,$l3,,
45,Instruction,,,,,,,,,Store,i32.store8,,,,,0,
46,Instruction,,,,,,,,,LocalGet,,,,,$l3,,
47,Instruction,,,,,,,,,Const,,i32,24,,,,
48,Instruction,,,,,,,,,Binary,i32.shl,,,,,,
49,Instruction,,,,,,,,,LocalTee,,,,,$l2,,
50,Instruction,,,,,,,,,Const,,i32,167772160,,,,
51,Instruction,,,,,,,,,Compare,i32.eq,,,,,,
52,Instruction,,,,,,,,,BrIf,,,,,$L0,,
53,Instruction,,,,,,,,,LocalGet,,,,,$l2,,
54,Instruction,,,,,,,,,Const,,i32,218103808,,,,
55,Instruction,,,,,,,,,Compare,i32.eq,,,,,,
56,Instruction,,,,,,,,,BrIf,,,,,$L0,,
57,Instruction,,,,,,,,,LocalGet,,,,,$l2,,
58,Instruction,,,,,,,,,Const,,i32,536870912,,,,
59,Instruction,,,,,,,,,Compare,i32.eq,,,,,,
60,Instruction,,,,,,,,,BrIf,,,,,$L0,,
61,Instruction,,,,,,,,,Const,,i32,0,,,,
62,Instruction,,,,,,,,,LocalSet,,,,,$l3,,
63,Instruction,,,,,0,,,,Loop,,,,,$L4,,
64,Instruction,,,,,0,,,,Block,,,,,$B5,,
65,Instruction,,,,,,,,,LocalGet,,,,,$p0,,
66,Instruction,,,1,,1,,,,Call,,,,,$fgetc,,
67,Instruction,,,,,,,,,LocalTee,,,,,$l2,,
68,Instruction,,,,,,,,,Const,,i32,-1,,,,
69,Instruction,,,,,,,,,Compare,i32.eq,,,,,,
70,Instruction,,,,,,,,,BrIf,,,,,$B5,,
71,Instruction,,,,,,,,,LocalGet,,,,,$p1,,
72,Instruction,,,,,,,,,LocalGet,,,,,$l3,,
73,Instruction,,,,,,,,,Const,,i32,1,,,,
74,Instruction,,,,,,,,,Binary,i32.add,,,,,,
75,Instruction,,,,,,,,,LocalTee,,,,,$l3,,
76,Instruction,,,,,,,,,Binary,i32.add,,,,,,
77,Instruction,,,,,,,,,LocalGet,,,,,$l2,,
78,Instruction,,,,,,,,,Store,i32.store8,,,,,0,
79,Instruction,,,,,,,,,LocalGet,,,,,$l2,,
80,Instruction,,,,,,,,,Const,,i32,24,,,,
81,Instruction,,,,,,,,,Binary,i32.shl,,,,,,
82,Instruction,,,,,,,,,LocalTee,,,,,$l2,,
83,Instruction,,,,,,,,,Const,,i32,167772160,,,,
84,Instruction,,,,,,,,,Compare,i32.eq,,,,,,
85,Instruction,,,,,,,,,BrIf,,,,,$B5,,
86,Instruction,,,,,,,,,LocalGet,,,,,$l2,,
87,Instruction,,,,,,,,,Const,,i32,536870912,,,,
88,Instruction,,,,,,,,,Compare,i32.eq,,,,,,
89,Instruction,,,,,,,,,BrIf,,,,,$B5,,
90,Instruction,,,,,,,,,LocalGet,,,,,$l2,,
91,Instruction,,,,,,,,,Const,,i32,218103808,,,,
92,Instruction,,,,,,,,,Compare,i32.ne,,,,,,
93,Instruction,,,,,,,,,BrIf,,,,,$L4,,
94,Instruction,,,,,0,,,,BeginBlock,,,,,$B5,,
95,Instruction,,,,,,,,,LocalGet,,,,,$p1,,
96,Instruction,,,,,,,,,LocalGet,,,,,$l3,,
97,Instruction,,,,,,,,,Binary,i32.add,,,,,,
98,Instruction,,,,,,,,,Const,,i32,0,,,,
99,Instruction,,,,,,,,,Store,i32.store8,,,,,0,
100,Instruction,,,,,0,,,,BeginBlock,,,,,$I1,,
101,Instruction,,,,,0,,,,BeginBlock,,,,,$I3,,
102,Instruction,,,,,0,,,,EndLoop,,,,,$L0,,
103,Instruction,,,,,0,,,,EndLoop,,,,,$L4,,
