0,Module,,,,,,,,,,,,,,,,
1,Function,$__wasi_args_sizes_get,0,2,0,1,0,0,,,,,,,,,
2,FunctionSignature,,,,,,,,,,,,,,,,
3,Parameters,,,,,,,,,,,,,,,,
4,VarNode,$p0,0,,,,,,i32,,,,,,,,
5,VarNode,$p1,1,,,,,,i32,,,,,,,,
6,Results,,,,,,,,,,,,,,,,
7,VarNode,,0,,,,,,i32,,,,,,,,
8,Function,$__wasi_args_get,1,2,0,1,0,0,,,,,,,,,
9,FunctionSignature,,,,,,,,,,,,,,,,
10,Parameters,,,,,,,,,,,,,,,,
11,VarNode,$p0,0,,,,,,i32,,,,,,,,
12,VarNode,$p1,1,,,,,,i32,,,,,,,,
13,Results,,,,,,,,,,,,,,,,
14,VarNode,,0,,,,,,i32,,,,,,,,
15,Function,$__wasi_proc_exit,2,1,0,0,0,0,,,,,,,,,
16,FunctionSignature,,,,,,,,,,,,,,,,
17,Parameters,,,,,,,,,,,,,,,,
18,VarNode,$p0,0,,,,,,i32,,,,,,,,
19,Function,$__wasm_call_ctors,3,0,0,0,0,0,,,,,,,,,
20,FunctionSignature,,,,,,,,,,,,,,,,
21,Instructions,,,,,,,,,,,,,,,,
22,Instruction,,,,,,,,,Return,,,,,,,
23,Function,$func,4,1,1,0,0,0,,,,,,,,,
24,FunctionSignature,,,,,,,,,,,,,,,,
25,Parameters,,,,,,,,,,,,,,,,
26,VarNode,$p0,0,,,,,,i32,,,,,,,,
27,Locals,,,,,,,,,,,,,,,,
28,VarNode,$l1,1,,,,,,i32,,,,,,,,
29,Instructions,,,,,,,,,,,,,,,,
30,Instruction,,,,,,,,,Return,,,,,,,
31,Instruction,,,,,,,,,GlobalGet,,,,,$g0,,
32,Instruction,,,,,,,,,Const,,i32,80,,,,
33,Instruction,,,,,,,,,Binary,i32.sub,,,,,,
34,Instruction,,,,,,,,,LocalTee,,,,,$l1,,
35,Instruction,,,,,,,,,GlobalSet,,,,,$g0,,
36,Instruction,,,,,,,,,LocalGet,,,,,$l1,,
37,Instruction,,,,,,,,,LocalGet,,,,,$p0,,
38,Instruction,,,2,,1,,,,Call,,,,,$strcpy,,
39,Instruction,,,,,,,,,Drop,,,,,,,
40,Instruction,,,,,,,,,LocalGet,,,,,$l1,,
41,Instruction,,,,,,,,,Const,,i32,80,,,,
42,Instruction,,,,,,,,,Binary,i32.add,,,,,,
43,Instruction,,,,,,,,,GlobalSet,,,,,$g0,,
44,Function,$main,5,2,0,1,0,0,,,,,,,,,
45,FunctionSignature,,,,,,,,,,,,,,,,
46,Parameters,,,,,,,,,,,,,,,,
47,VarNode,$p0,0,,,,,,i32,,,,,,,,
48,VarNode,$p1,1,,,,,,i32,,,,,,,,
49,Results,,,,,,,,,,,,,,,,
50,VarNode,,0,,,,,,i32,,,,,,,,
51,Instructions,,,,,,,,,,,,,,,,
52,Instruction,,,,,,,,,Return,,,,,,,
53,Instruction,,,,,,,,,LocalGet,,,,,$p1,,
54,Instruction,,,,,,,,,Load,i32.load,,,,,4,
55,Instruction,,,1,,0,,,,Call,,,,,$func,,
56,Instruction,,,,,,,,,Const,,i32,0,,,,
57,Function,$_start,6,0,0,0,1,1,,,,,,,,,
58,FunctionSignature,,,,,,,,,,,,,,,,
59,Instructions,,,,,,,,,,,,,,,,
60,Instruction,,,,,,,,,Return,,,,,,,
61,Instruction,,,,,0,,,,Block,,,,,$B0,,
62,Instruction,,,,,,,,,Const,,i32,1,,,,
63,Instruction,,,,,,,,,Convert,i32.eqz,,,,,,
64,Instruction,,,,,,,,,BrIf,,,,,$B0,,
65,Instruction,,,0,,0,,,,Call,,,,,$__wasm_call_ctors,,
66,Instruction,,,,,0,,,,BeginBlock,,,,,$B0,,
67,Instruction,,,0,,1,,,,Call,,,,,$__original_main,,
68,Instruction,,,1,,0,,,,Call,,,,,$exit,,
69,Instruction,,,,,,,,,Unreachable,,,,,,,
70,Function,$__stpcpy,7,2,1,1,0,0,,,,,,,,,
71,FunctionSignature,,,,,,,,,,,,,,,,
72,Parameters,,,,,,,,,,,,,,,,
73,VarNode,$p0,0,,,,,,i32,,,,,,,,
74,VarNode,$p1,1,,,,,,i32,,,,,,,,
75,Locals,,,,,,,,,,,,,,,,
76,VarNode,$l2,2,,,,,,i32,,,,,,,,
77,Results,,,,,,,,,,,,,,,,
78,VarNode,,0,,,,,,i32,,,,,,,,
79,Instructions,,,,,,,,,,,,,,,,
80,Instruction,,,,,,,,,Return,,,,,,,
81,Instruction,,,,,0,,,,Block,,,,,$B0,,
82,Instruction,,,,,0,,,,Block,,,,,$B1,,
83,Instruction,,,,,,,,,LocalGet,,,,,$p1,,
84,Instruction,,,,,,,,,LocalGet,,,,,$p0,,
85,Instruction,,,,,,,,,Binary,i32.xor,,,,,,
86,Instruction,,,,,,,,,Const,,i32,3,,,,
87,Instruction,,,,,,,,,Binary,i32.and,,,,,,
88,Instruction,,,,,,,,,BrIf,,,,,$B1,,
89,Instruction,,,,,0,,,,Block,,,,,$B2,,
90,Instruction,,,,,,,,,LocalGet,,,,,$p1,,
91,Instruction,,,,,,,,,Const,,i32,3,,,,
92,Instruction,,,,,,,,,Binary,i32.and,,,,,,
93,Instruction,,,,,,,,,Convert,i32.eqz,,,,,,
94,Instruction,,,,,,,,,BrIf,,,,,$B2,,
95,Instruction,,,,,0,,,,Loop,,,,,$L3,,
96,Instruction,,,,,,,,,LocalGet,,,,,$p0,,
97,Instruction,,,,,,,,,LocalGet,,,,,$p1,,
98,Instruction,,,,,,,,,Load,i32.load8_u,,,,,0,
99,Instruction,,,,,,,,,LocalTee,,,,,$l2,,
100,Instruction,,,,,,,,,Store,i32.store8,,,,,0,
101,Instruction,,,,,,,,,LocalGet,,,,,$l2,,
102,Instruction,,,,,,,,,Convert,i32.eqz,,,,,,
103,Instruction,,,,,,,,,BrIf,,,,,$B0,,
104,Instruction,,,,,,,,,LocalGet,,,,,$p0,,
105,Instruction,,,,,,,,,Const,,i32,1,,,,
106,Instruction,,,,,,,,,Binary,i32.add,,,,,,
107,Instruction,,,,,,,,,LocalSet,,,,,$p0,,
108,Instruction,,,,,,,,,LocalGet,,,,,$p1,,
109,Instruction,,,,,,,,,Const,,i32,1,,,,
110,Instruction,,,,,,,,,Binary,i32.add,,,,,,
111,Instruction,,,,,,,,,LocalTee,,,,,$p1,,
112,Instruction,,,,,,,,,Const,,i32,3,,,,
113,Instruction,,,,,,,,,Binary,i32.and,,,,,,
114,Instruction,,,,,,,,,BrIf,,,,,$L3,,
115,Instruction,,,,,0,,,,BeginBlock,,,,,$B2,,
116,Instruction,,,,,,,,,LocalGet,,,,,$p1,,
117,Instruction,,,,,,,,,Load,i32.load,,,,,0,
118,Instruction,,,,,,,,,LocalTee,,,,,$l2,,
119,Instruction,,,,,,,,,Const,,i32,-1,,,,
120,Instruction,,,,,,,,,Binary,i32.xor,,,,,,
121,Instruction,,,,,,,,,LocalGet,,,,,$l2,,
122,Instruction,,,,,,,,,Const,,i32,-16843009,,,,
123,Instruction,,,,,,,,,Binary,i32.add,,,,,,
124,Instruction,,,,,,,,,Binary,i32.and,,,,,,
125,Instruction,,,,,,,,,Const,,i32,-2139062144,,,,
126,Instruction,,,,,,,,,Binary,i32.and,,,,,,
127,Instruction,,,,,,,,,BrIf,,,,,$B1,,
128,Instruction,,,,,0,,,,Loop,,,,,$L4,,
129,Instruction,,,,,,,,,LocalGet,,,,,$p0,,
130,Instruction,,,,,,,,,LocalGet,,,,,$l2,,
131,Instruction,,,,,,,,,Store,i32.store,,,,,0,
132,Instruction,,,,,,,,,LocalGet,,,,,$p1,,
133,Instruction,,,,,,,,,Load,i32.load,,,,,4,
134,Instruction,,,,,,,,,LocalSet,,,,,$l2,,
135,Instruction,,,,,,,,,LocalGet,,,,,$p0,,
136,Instruction,,,,,,,,,Const,,i32,4,,,,
137,Instruction,,,,,,,,,Binary,i32.add,,,,,,
138,Instruction,,,,,,,,,LocalSet,,,,,$p0,,
139,Instruction,,,,,,,,,LocalGet,,,,,$p1,,
140,Instruction,,,,,,,,,Const,,i32,4,,,,
141,Instruction,,,,,,,,,Binary,i32.add,,,,,,
142,Instruction,,,,,,,,,LocalSet,,,,,$p1,,
143,Instruction,,,,,,,,,LocalGet,,,,,$l2,,
144,Instruction,,,,,,,,,Const,,i32,-1,,,,
145,Instruction,,,,,,,,,Binary,i32.xor,,,,,,
146,Instruction,,,,,,,,,LocalGet,,,,,$l2,,
147,Instruction,,,,,,,,,Const,,i32,-16843009,,,,
148,Instruction,,,,,,,,,Binary,i32.add,,,,,,
149,Instruction,,,,,,,,,Binary,i32.and,,,,,,
150,Instruction,,,,,,,,,Const,,i32,-2139062144,,,,
151,Instruction,,,,,,,,,Binary,i32.and,,,,,,
152,Instruction,,,,,,,,,Convert,i32.eqz,,,,,,
153,Instruction,,,,,,,,,BrIf,,,,,$L4,,
154,Instruction,,,,,0,,,,BeginBlock,,,,,$B1,,
155,Instruction,,,,,,,,,LocalGet,,,,,$p0,,
156,Instruction,,,,,,,,,LocalGet,,,,,$p1,,
157,Instruction,,,,,,,,,Load,i32.load8_u,,,,,0,
158,Instruction,,,,,,,,,LocalTee,,,,,$l2,,
159,Instruction,,,,,,,,,Store,i32.store8,,,,,0,
160,Instruction,,,,,,,,,LocalGet,,,,,$l2,,
161,Instruction,,,,,,,,,Convert,i32.eqz,,,,,,
162,Instruction,,,,,,,,,BrIf,,,,,$B0,,
163,Instruction,,,,,0,,,,Loop,,,,,$L5,,
164,Instruction,,,,,,,,,LocalGet,,,,,$p0,,
165,Instruction,,,,,,,,,LocalGet,,,,,$p1,,
166,Instruction,,,,,,,,,Load,i32.load8_u,,,,,1,
167,Instruction,,,,,,,,,LocalTee,,,,,$l2,,
168,Instruction,,,,,,,,,Store,i32.store8,,,,,1,
169,Instruction,,,,,,,,,LocalGet,,,,,$p0,,
170,Instruction,,,,,,,,,Const,,i32,1,,,,
171,Instruction,,,,,,,,,Binary,i32.add,,,,,,
172,Instruction,,,,,,,,,LocalSet,,,,,$p0,,
173,Instruction,,,,,,,,,LocalGet,,,,,$p1,,
174,Instruction,,,,,,,,,Const,,i32,1,,,,
175,Instruction,,,,,,,,,Binary,i32.add,,,,,,
176,Instruction,,,,,,,,,LocalSet,,,,,$p1,,
177,Instruction,,,,,,,,,LocalGet,,,,,$l2,,
178,Instruction,,,,,,,,,BrIf,,,,,$L5,,
179,Instruction,,,,,0,,,,BeginBlock,,,,,$B0,,
180,Instruction,,,,,,,,,LocalGet,,,,,$p0,,
181,Function,$strcpy,8,2,0,1,0,0,,,,,,,,,
182,FunctionSignature,,,,,,,,,,,,,,,,
183,Parameters,,,,,,,,,,,,,,,,
184,VarNode,$p0,0,,,,,,i32,,,,,,,,
185,VarNode,$p1,1,,,,,,i32,,,,,,,,
186,Results,,,,,,,,,,,,,,,,
187,VarNode,,0,,,,,,i32,,,,,,,,
188,Instructions,,,,,,,,,,,,,,,,
189,Instruction,,,,,,,,,Return,,,,,,,
190,Instruction,,,,,,,,,LocalGet,,,,,$p0,,
191,Instruction,,,,,,,,,LocalGet,,,,,$p1,,
192,Instruction,,,2,,1,,,,Call,,,,,$__stpcpy,,
193,Instruction,,,,,,,,,Drop,,,,,,,
194,Instruction,,,,,,,,,LocalGet,,,,,$p0,,
195,Function,$__original_main,9,0,0,1,0,0,,,,,,,,,
196,FunctionSignature,,,,,,,,,,,,,,,,
197,Results,,,,,,,,,,,,,,,,
198,VarNode,,0,,,,,,i32,,,,,,,,
199,Instructions,,,,,,,,,,,,,,,,
200,Instruction,,,,,,,,,Return,,,,,,,
201,Instruction,,,0,,1,,,,Call,,,,,$__main_void,,
202,Function,$__main_void,10,0,4,1,0,0,,,,,,,,,
203,FunctionSignature,,,,,,,,,,,,,,,,
204,Locals,,,,,,,,,,,,,,,,
205,VarNode,$l0,0,,,,,,i32,,,,,,,,
206,VarNode,$l1,1,,,,,,i32,,,,,,,,
207,VarNode,$l2,2,,,,,,i32,,,,,,,,
208,VarNode,$l3,3,,,,,,i32,,,,,,,,
209,Results,,,,,,,,,,,,,,,,
210,VarNode,,0,,,,,,i32,,,,,,,,
211,Instructions,,,,,,,,,,,,,,,,
212,Instruction,,,,,,,,,Return,,,,,,,
213,Instruction,,,,,,,,,GlobalGet,,,,,$g0,,
214,Instruction,,,,,,,,,Const,,i32,16,,,,
215,Instruction,,,,,,,,,Binary,i32.sub,,,,,,
216,Instruction,,,,,,,,,LocalTee,,,,,$l0,,
217,Instruction,,,,,,,,,GlobalSet,,,,,$g0,,
218,Instruction,,,,,0,,,,Block,,,,,$B0,,
219,Instruction,,,,,0,,,,Block,,,,,$B1,,
220,Instruction,,,,,,,,,LocalGet,,,,,$l0,,
221,Instruction,,,,,,,,,LocalTee,,,,,$l1,,
222,Instruction,,,,,,,,,Const,,i32,12,,,,
223,Instruction,,,,,,,,,Binary,i32.add,,,,,,
224,Instruction,,,,,,,,,LocalGet,,,,,$l1,,
225,Instruction,,,,,,,,,Const,,i32,8,,,,
226,Instruction,,,,,,,,,Binary,i32.add,,,,,,
227,Instruction,,,2,,1,,,,Call,,,,,$__wasi_args_sizes_get,,
228,Instruction,,,,,,,,,BrIf,,,,,$B1,,
229,Instruction,,,,,0,,,,Block,,,,,$B2,,
230,Instruction,,,,,0,,,,Block,,,,,$B3,,
231,Instruction,,,,,,,,,LocalGet,,,,,$l1,,
232,Instruction,,,,,,,,,Load,i32.load,,,,,12,
233,Instruction,,,,,,,,,LocalTee,,,,,$l2,,
234,Instruction,,,,,,,,,BrIf,,,,,$B3,,
235,Instruction,,,,,,,,,Const,,i32,0,,,,
236,Instruction,,,,,,,,,LocalSet,,,,,$l2,,
237,Instruction,,,,,,,,,Br,,,,,$B2,,
238,Instruction,,,,,0,,,,BeginBlock,,,,,$B3,,
239,Instruction,,,,,,,,,LocalGet,,,,,$l0,,
240,Instruction,,,,,,,,,LocalGet,,,,,$l2,,
241,Instruction,,,,,,,,,Const,,i32,2,,,,
242,Instruction,,,,,,,,,Binary,i32.shl,,,,,,
243,Instruction,,,,,,,,,LocalTee,,,,,$l2,,
244,Instruction,,,,,,,,,Const,,i32,19,,,,
245,Instruction,,,,,,,,,Binary,i32.add,,,,,,
246,Instruction,,,,,,,,,Const,,i32,-16,,,,
247,Instruction,,,,,,,,,Binary,i32.and,,,,,,
248,Instruction,,,,,,,,,Binary,i32.sub,,,,,,
249,Instruction,,,,,,,,,LocalTee,,,,,$l0,,
250,Instruction,,,,,,,,,LocalTee,,,,,$l3,,
251,Instruction,,,,,,,,,GlobalSet,,,,,$g0,,
252,Instruction,,,,,,,,,LocalGet,,,,,$l3,,
253,Instruction,,,,,,,,,LocalGet,,,,,$l1,,
254,Instruction,,,,,,,,,Load,i32.load,,,,,8,
255,Instruction,,,,,,,,,Const,,i32,15,,,,
256,Instruction,,,,,,,,,Binary,i32.add,,,,,,
257,Instruction,,,,,,,,,Const,,i32,-16,,,,
258,Instruction,,,,,,,,,Binary,i32.and,,,,,,
259,Instruction,,,,,,,,,Binary,i32.sub,,,,,,
260,Instruction,,,,,,,,,LocalTee,,,,,$l3,,
261,Instruction,,,,,,,,,GlobalSet,,,,,$g0,,
262,Instruction,,,,,,,,,LocalGet,,,,,$l0,,
263,Instruction,,,,,,,,,LocalGet,,,,,$l2,,
264,Instruction,,,,,,,,,Binary,i32.add,,,,,,
265,Instruction,,,,,,,,,Const,,i32,0,,,,
266,Instruction,,,,,,,,,Store,i32.store,,,,,0,
267,Instruction,,,,,,,,,LocalGet,,,,,$l0,,
268,Instruction,,,,,,,,,LocalGet,,,,,$l3,,
269,Instruction,,,2,,1,,,,Call,,,,,$__wasi_args_get,,
270,Instruction,,,,,,,,,BrIf,,,,,$B0,,
271,Instruction,,,,,,,,,LocalGet,,,,,$l1,,
272,Instruction,,,,,,,,,Load,i32.load,,,,,12,
273,Instruction,,,,,,,,,LocalSet,,,,,$l2,,
274,Instruction,,,,,0,,,,BeginBlock,,,,,$B2,,
275,Instruction,,,,,,,,,LocalGet,,,,,$l2,,
276,Instruction,,,,,,,,,LocalGet,,,,,$l0,,
277,Instruction,,,2,,1,,,,Call,,,,,$main.1,,
278,Instruction,,,,,,,,,LocalSet,,,,,$l0,,
279,Instruction,,,,,,,,,LocalGet,,,,,$l1,,
280,Instruction,,,,,,,,,Const,,i32,16,,,,
281,Instruction,,,,,,,,,Binary,i32.add,,,,,,
282,Instruction,,,,,,,,,GlobalSet,,,,,$g0,,
283,Instruction,,,,,,,,,LocalGet,,,,,$l0,,
284,Instruction,,,,,,,,,Return,,,,,,,
285,Instruction,,,,,0,,,,BeginBlock,,,,,$B1,,
286,Instruction,,,,,,,,,Const,,i32,71,,,,
287,Instruction,,,1,,0,,,,Call,,,,,$__wasi_proc_exit,,
288,Instruction,,,,,,,,,Unreachable,,,,,,,
289,Instruction,,,,,0,,,,BeginBlock,,,,,$B0,,
290,Instruction,,,,,,,,,Const,,i32,71,,,,
291,Instruction,,,1,,0,,,,Call,,,,,$__wasi_proc_exit,,
292,Instruction,,,,,,,,,Unreachable,,,,,,,
293,Function,$main.1,11,2,0,1,0,0,,,,,,,,,
294,FunctionSignature,,,,,,,,,,,,,,,,
295,Parameters,,,,,,,,,,,,,,,,
296,VarNode,$p0,0,,,,,,i32,,,,,,,,
297,VarNode,$p1,1,,,,,,i32,,,,,,,,
298,Results,,,,,,,,,,,,,,,,
299,VarNode,,0,,,,,,i32,,,,,,,,
300,Instructions,,,,,,,,,,,,,,,,
301,Instruction,,,,,,,,,Return,,,,,,,
302,Instruction,,,,,,,,,LocalGet,,,,,$p0,,
303,Instruction,,,,,,,,,LocalGet,,,,,$p1,,
304,Instruction,,,2,,1,,,,Call,,,,,$main,,
305,Function,$__errno_location,12,0,0,1,1,1,,,,,,,,,
306,FunctionSignature,,,,,,,,,,,,,,,,
307,Results,,,,,,,,,,,,,,,,
308,VarNode,,0,,,,,,i32,,,,,,,,
309,Instructions,,,,,,,,,,,,,,,,
310,Instruction,,,,,,,,,Return,,,,,,,
311,Instruction,,,,,,,,,Const,,i32,1024,,,,
312,Function,$_Exit,13,1,0,0,0,0,,,,,,,,,
313,FunctionSignature,,,,,,,,,,,,,,,,
314,Parameters,,,,,,,,,,,,,,,,
315,VarNode,$p0,0,,,,,,i32,,,,,,,,
316,Instructions,,,,,,,,,,,,,,,,
317,Instruction,,,,,,,,,Return,,,,,,,
318,Instruction,,,,,,,,,LocalGet,,,,,$p0,,
319,Instruction,,,1,,0,,,,Call,,,,,$__wasi_proc_exit,,
320,Instruction,,,,,,,,,Unreachable,,,,,,,
321,Function,$libc_exit_fini,14,0,1,0,0,0,,,,,,,,,
322,FunctionSignature,,,,,,,,,,,,,,,,
323,Locals,,,,,,,,,,,,,,,,
324,VarNode,$l0,0,,,,,,i32,,,,,,,,
325,Instructions,,,,,,,,,,,,,,,,
326,Instruction,,,,,,,,,Return,,,,,,,
327,Instruction,,,,,,,,,Const,,i32,0,,,,
328,Instruction,,,,,,,,,LocalSet,,,,,$l0,,
329,Instruction,,,,,0,,,,Block,,,,,$B0,,
330,Instruction,,,,,,,,,Const,,i32,0,,,,
331,Instruction,,,,,,,,,Const,,i32,0,,,,
332,Instruction,,,,,,,,,Compare,i32.le_u,,,,,,
333,Instruction,,,,,,,,,BrIf,,,,,$B0,,
334,Instruction,,,,,0,,,,Loop,,,,,$L1,,
335,Instruction,,,,,,,,,LocalGet,,,,,$l0,,
336,Instruction,,,,,,,,,Const,,i32,-4,,,,
337,Instruction,,,,,,,,,Binary,i32.add,,,,,,
338,Instruction,,,,,,,,,LocalTee,,,,,$l0,,
339,Instruction,,,,,,,,,Load,i32.load,,,,,0,
340,Instruction,,,1,,0,,,,CallIndirect,,,,,$__indirect_function_table,,
341,Instruction,,,,,,,,,LocalGet,,,,,$l0,,
342,Instruction,,,,,,,,,Const,,i32,0,,,,
343,Instruction,,,,,,,,,Compare,i32.gt_u,,,,,,
344,Instruction,,,,,,,,,BrIf,,,,,$L1,,
345,Instruction,,,,,0,,,,BeginBlock,,,,,$B0,,
346,Instruction,,,0,,0,,,,Call,,,,,$_fini,,
347,Function,$exit,15,1,0,0,0,0,,,,,,,,,
348,FunctionSignature,,,,,,,,,,,,,,,,
349,Parameters,,,,,,,,,,,,,,,,
350,VarNode,$p0,0,,,,,,i32,,,,,,,,
351,Instructions,,,,,,,,,,,,,,,,
352,Instruction,,,,,,,,,Return,,,,,,,
353,Instruction,,,0,,0,,,,Call,,,,,$_fini,,
354,Instruction,,,0,,0,,,,Call,,,,,$libc_exit_fini,,
355,Instruction,,,0,,0,,,,Call,,,,,$_fini,,
356,Instruction,,,,,,,,,LocalGet,,,,,$p0,,
357,Instruction,,,1,,0,,,,Call,,,,,$_Exit,,
358,Instruction,,,,,,,,,Unreachable,,,,,,,
359,Function,$_fini,16,0,0,0,0,0,,,,,,,,,
360,FunctionSignature,,,,,,,,,,,,,,,,
361,Instructions,,,,,,,,,,,,,,,,
362,Instruction,,,,,,,,,Return,,,,,,,
363,Function,$stackSave,17,0,0,1,1,1,,,,,,,,,
364,FunctionSignature,,,,,,,,,,,,,,,,
365,Results,,,,,,,,,,,,,,,,
366,VarNode,,0,,,,,,i32,,,,,,,,
367,Instructions,,,,,,,,,,,,,,,,
368,Instruction,,,,,,,,,Return,,,,,,,
369,Instruction,,,,,,,,,GlobalGet,,,,,$g0,,
370,Function,$stackRestore,18,1,0,0,1,1,,,,,,,,,
371,FunctionSignature,,,,,,,,,,,,,,,,
372,Parameters,,,,,,,,,,,,,,,,
373,VarNode,$p0,0,,,,,,i32,,,,,,,,
374,Instructions,,,,,,,,,,,,,,,,
375,Instruction,,,,,,,,,Return,,,,,,,
376,Instruction,,,,,,,,,LocalGet,,,,,$p0,,
377,Instruction,,,,,,,,,GlobalSet,,,,,$g0,,
378,Function,$stackAlloc,19,1,2,1,1,1,,,,,,,,,
379,FunctionSignature,,,,,,,,,,,,,,,,
380,Parameters,,,,,,,,,,,,,,,,
381,VarNode,$p0,0,,,,,,i32,,,,,,,,
382,Locals,,,,,,,,,,,,,,,,
383,VarNode,$l1,1,,,,,,i32,,,,,,,,
384,VarNode,$l2,2,,,,,,i32,,,,,,,,
385,Results,,,,,,,,,,,,,,,,
386,VarNode,,0,,,,,,i32,,,,,,,,
387,Instructions,,,,,,,,,,,,,,,,
388,Instruction,,,,,,,,,Return,,,,,,,
389,Instruction,,,,,,,,,GlobalGet,,,,,$g0,,
390,Instruction,,,,,,,,,LocalGet,,,,,$p0,,
391,Instruction,,,,,,,,,Binary,i32.sub,,,,,,
392,Instruction,,,,,,,,,Const,,i32,-16,,,,
393,Instruction,,,,,,,,,Binary,i32.and,,,,,,
394,Instruction,,,,,,,,,LocalTee,,,,,$l1,,
395,Instruction,,,,,,,,,GlobalSet,,,,,$g0,,
396,Instruction,,,,,,,,,LocalGet,,,,,$l1,,
397,Function,$__lockfile,20,1,0,1,0,0,,,,,,,,,
398,FunctionSignature,,,,,,,,,,,,,,,,
399,Parameters,,,,,,,,,,,,,,,,
400,VarNode,$p0,0,,,,,,i32,,,,,,,,
401,Results,,,,,,,,,,,,,,,,
402,VarNode,,0,,,,,,i32,,,,,,,,
403,Instructions,,,,,,,,,,,,,,,,
404,Instruction,,,,,,,,,Return,,,,,,,
405,Instruction,,,,,,,,,Const,,i32,1,,,,
406,Function,$__unlockfile,21,1,0,0,0,0,,,,,,,,,
407,FunctionSignature,,,,,,,,,,,,,,,,
408,Parameters,,,,,,,,,,,,,,,,
409,VarNode,$p0,0,,,,,,i32,,,,,,,,
410,Instructions,,,,,,,,,,,,,,,,
411,Instruction,,,,,,,,,Return,,,,,,,
412,Function,$__lock,22,1,0,0,0,0,,,,,,,,,
413,FunctionSignature,,,,,,,,,,,,,,,,
414,Parameters,,,,,,,,,,,,,,,,
415,VarNode,$p0,0,,,,,,i32,,,,,,,,
416,Instructions,,,,,,,,,,,,,,,,
417,Instruction,,,,,,,,,Return,,,,,,,
418,Function,$__unlock,23,1,0,0,0,0,,,,,,,,,
419,FunctionSignature,,,,,,,,,,,,,,,,
420,Parameters,,,,,,,,,,,,,,,,
421,VarNode,$p0,0,,,,,,i32,,,,,,,,
422,Instructions,,,,,,,,,,,,,,,,
423,Instruction,,,,,,,,,Return,,,,,,,
424,Function,$__ofl_lock,24,0,0,1,0,0,,,,,,,,,
425,FunctionSignature,,,,,,,,,,,,,,,,
426,Results,,,,,,,,,,,,,,,,
427,VarNode,,0,,,,,,i32,,,,,,,,
428,Instructions,,,,,,,,,,,,,,,,
429,Instruction,,,,,,,,,Return,,,,,,,
430,Instruction,,,,,,,,,Const,,i32,1028,,,,
431,Instruction,,,1,,0,,,,Call,,,,,$__lock,,
432,Instruction,,,,,,,,,Const,,i32,1036,,,,
433,Function,$__ofl_unlock,25,0,0,0,0,0,,,,,,,,,
434,FunctionSignature,,,,,,,,,,,,,,,,
435,Instructions,,,,,,,,,,,,,,,,
436,Instruction,,,,,,,,,Return,,,,,,,
437,Instruction,,,,,,,,,Const,,i32,1028,,,,
438,Instruction,,,1,,0,,,,Call,,,,,$__unlock,,
439,Function,$fflush,26,1,2,1,1,1,,,,,,,,,
440,FunctionSignature,,,,,,,,,,,,,,,,
441,Parameters,,,,,,,,,,,,,,,,
442,VarNode,$p0,0,,,,,,i32,,,,,,,,
443,Locals,,,,,,,,,,,,,,,,
444,VarNode,$l1,1,,,,,,i32,,,,,,,,
445,VarNode,$l2,2,,,,,,i32,,,,,,,,
446,Results,,,,,,,,,,,,,,,,
447,VarNode,,0,,,,,,i32,,,,,,,,
448,Instructions,,,,,,,,,,,,,,,,
449,Instruction,,,,,,,,,Return,,,,,,,
450,Instruction,,,,,0,,,,Block,,,,,$B0,,
451,Instruction,,,,,0,,,,Block,,,,,$B1,,
452,Instruction,,,,,,,,,LocalGet,,,,,$p0,,
453,Instruction,,,,,,,,,Convert,i32.eqz,,,,,,
454,Instruction,,,,,,,,,BrIf,,,,,$B1,,
455,Instruction,,,,,0,,,,Block,,,,,$B2,,
456,Instruction,,,,,,,,,LocalGet,,,,,$p0,,
457,Instruction,,,,,,,,,Load,i32.load,,,,,76,
458,Instruction,,,,,,,,,Const,,i32,-1,,,,
459,Instruction,,,,,,,,,Compare,i32.gt_s,,,,,,
460,Instruction,,,,,,,,,BrIf,,,,,$B2,,
461,Instruction,,,,,,,,,LocalGet,,,,,$p0,,
462,Instruction,,,1,,1,,,,Call,,,,,$__fflush_unlocked,,
463,Instruction,,,,,,,,,Return,,,,,,,
464,Instruction,,,,,0,,,,BeginBlock,,,,,$B2,,
465,Instruction,,,,,,,,,LocalGet,,,,,$p0,,
466,Instruction,,,1,,1,,,,Call,,,,,$__lockfile,,
467,Instruction,,,,,,,,,LocalSet,,,,,$l1,,
468,Instruction,,,,,,,,,LocalGet,,,,,$p0,,
469,Instruction,,,1,,1,,,,Call,,,,,$__fflush_unlocked,,
470,Instruction,,,,,,,,,LocalSet,,,,,$l2,,
471,Instruction,,,,,,,,,LocalGet,,,,,$l1,,
472,Instruction,,,,,,,,,Convert,i32.eqz,,,,,,
473,Instruction,,,,,,,,,BrIf,,,,,$B0,,
474,Instruction,,,,,,,,,LocalGet,,,,,$p0,,
475,Instruction,,,1,,0,,,,Call,,,,,$__unlockfile,,
476,Instruction,,,,,,,,,LocalGet,,,,,$l2,,
477,Instruction,,,,,,,,,Return,,,,,,,
478,Instruction,,,,,0,,,,BeginBlock,,,,,$B1,,
479,Instruction,,,,,,,,,Const,,i32,0,,,,
480,Instruction,,,,,,,,,LocalSet,,,,,$l2,,
481,Instruction,,,,,0,,,,Block,,,,,$B3,,
482,Instruction,,,,,,,,,Const,,i32,0,,,,
483,Instruction,,,,,,,,,Load,i32.load,,,,,1040,
484,Instruction,,,,,,,,,Convert,i32.eqz,,,,,,
485,Instruction,,,,,,,,,BrIf,,,,,$B3,,
486,Instruction,,,,,,,,,Const,,i32,0,,,,
487,Instruction,,,,,,,,,Load,i32.load,,,,,1040,
488,Instruction,,,1,,1,,,,Call,,,,,$fflush,,
489,Instruction,,,,,,,,,LocalSet,,,,,$l2,,
490,Instruction,,,,,0,,,,BeginBlock,,,,,$B3,,
491,Instruction,,,,,0,,,,Block,,,,,$B4,,
492,Instruction,,,0,,1,,,,Call,,,,,$__ofl_lock,,
493,Instruction,,,,,,,,,Load,i32.load,,,,,0,
494,Instruction,,,,,,,,,LocalTee,,,,,$p0,,
495,Instruction,,,,,,,,,Convert,i32.eqz,,,,,,
496,Instruction,,,,,,,,,BrIf,,,,,$B4,,
497,Instruction,,,,,0,,,,Loop,,,,,$L5,,
498,Instruction,,,,,,,,,Const,,i32,0,,,,
499,Instruction,,,,,,,,,LocalSet,,,,,$l1,,
500,Instruction,,,,,0,,,,Block,,,,,$B6,,
501,Instruction,,,,,,,,,LocalGet,,,,,$p0,,
502,Instruction,,,,,,,,,Load,i32.load,,,,,76,
503,Instruction,,,,,,,,,Const,,i32,0,,,,
504,Instruction,,,,,,,,,Compare,i32.lt_s,,,,,,
505,Instruction,,,,,,,,,BrIf,,,,,$B6,,
506,Instruction,,,,,,,,,LocalGet,,,,,$p0,,
507,Instruction,,,1,,1,,,,Call,,,,,$__lockfile,,
508,Instruction,,,,,,,,,LocalSet,,,,,$l1,,
509,Instruction,,,,,0,,,,BeginBlock,,,,,$B6,,
510,Instruction,,,,,0,,,,Block,,,,,$B7,,
511,Instruction,,,,,,,,,LocalGet,,,,,$p0,,
512,Instruction,,,,,,,,,Load,i32.load,,,,,20,
513,Instruction,,,,,,,,,LocalGet,,,,,$p0,,
514,Instruction,,,,,,,,,Load,i32.load,,,,,28,
515,Instruction,,,,,,,,,Compare,i32.le_u,,,,,,
516,Instruction,,,,,,,,,BrIf,,,,,$B7,,
517,Instruction,,,,,,,,,LocalGet,,,,,$p0,,
518,Instruction,,,1,,1,,,,Call,,,,,$__fflush_unlocked,,
519,Instruction,,,,,,,,,LocalGet,,,,,$l2,,
520,Instruction,,,,,,,,,Binary,i32.or,,,,,,
521,Instruction,,,,,,,,,LocalSet,,,,,$l2,,
522,Instruction,,,,,0,,,,BeginBlock,,,,,$B7,,
523,Instruction,,,,,0,,,,Block,,,,,$B8,,
524,Instruction,,,,,,,,,LocalGet,,,,,$l1,,
525,Instruction,,,,,,,,,Convert,i32.eqz,,,,,,
526,Instruction,,,,,,,,,BrIf,,,,,$B8,,
527,Instruction,,,,,,,,,LocalGet,,,,,$p0,,
528,Instruction,,,1,,0,,,,Call,,,,,$__unlockfile,,
529,Instruction,,,,,0,,,,BeginBlock,,,,,$B8,,
530,Instruction,,,,,,,,,LocalGet,,,,,$p0,,
531,Instruction,,,,,,,,,Load,i32.load,,,,,56,
532,Instruction,,,,,,,,,LocalTee,,,,,$p0,,
533,Instruction,,,,,,,,,BrIf,,,,,$L5,,
534,Instruction,,,,,0,,,,BeginBlock,,,,,$B4,,
535,Instruction,,,0,,0,,,,Call,,,,,$__ofl_unlock,,
536,Instruction,,,,,0,,,,BeginBlock,,,,,$B0,,
537,Instruction,,,,,,,,,LocalGet,,,,,$l2,,
538,Function,$__fflush_unlocked,27,1,2,1,0,0,,,,,,,,,
539,FunctionSignature,,,,,,,,,,,,,,,,
540,Parameters,,,,,,,,,,,,,,,,
541,VarNode,$p0,0,,,,,,i32,,,,,,,,
542,Locals,,,,,,,,,,,,,,,,
543,VarNode,$l1,1,,,,,,i32,,,,,,,,
544,VarNode,$l2,2,,,,,,i32,,,,,,,,
545,Results,,,,,,,,,,,,,,,,
546,VarNode,,0,,,,,,i32,,,,,,,,
547,Instructions,,,,,,,,,,,,,,,,
548,Instruction,,,,,,,,,Return,,,,,,,
549,Instruction,,,,,0,,,,Block,,,,,$B0,,
550,Instruction,,,,,,,,,LocalGet,,,,,$p0,,
551,Instruction,,,,,,,,,Load,i32.load,,,,,20,
552,Instruction,,,,,,,,,LocalGet,,,,,$p0,,
553,Instruction,,,,,,,,,Load,i32.load,,,,,28,
554,Instruction,,,,,,,,,Compare,i32.le_u,,,,,,
555,Instruction,,,,,,,,,BrIf,,,,,$B0,,
556,Instruction,,,,,,,,,LocalGet,,,,,$p0,,
557,Instruction,,,,,,,,,Const,,i32,0,,,,
558,Instruction,,,,,,,,,Const,,i32,0,,,,
559,Instruction,,,,,,,,,LocalGet,,,,,$p0,,
560,Instruction,,,,,,,,,Load,i32.load,,,,,36,
561,Instruction,,,4,,1,,,,CallIndirect,,,,,$__indirect_function_table,,
562,Instruction,,,,,,,,,Drop,,,,,,,
563,Instruction,,,,,,,,,LocalGet,,,,,$p0,,
564,Instruction,,,,,,,,,Load,i32.load,,,,,20,
565,Instruction,,,,,,,,,BrIf,,,,,$B0,,
566,Instruction,,,,,,,,,Const,,i32,-1,,,,
567,Instruction,,,,,,,,,Return,,,,,,,
568,Instruction,,,,,0,,,,BeginBlock,,,,,$B0,,
569,Instruction,,,,,0,,,,Block,,,,,$B1,,
570,Instruction,,,,,,,,,LocalGet,,,,,$p0,,
571,Instruction,,,,,,,,,Load,i32.load,,,,,4,
572,Instruction,,,,,,,,,LocalTee,,,,,$l1,,
573,Instruction,,,,,,,,,LocalGet,,,,,$p0,,
574,Instruction,,,,,,,,,Load,i32.load,,,,,8,
575,Instruction,,,,,,,,,LocalTee,,,,,$l2,,
576,Instruction,,,,,,,,,Compare,i32.ge_u,,,,,,
577,Instruction,,,,,,,,,BrIf,,,,,$B1,,
578,Instruction,,,,,,,,,LocalGet,,,,,$p0,,
579,Instruction,,,,,,,,,LocalGet,,,,,$l1,,
580,Instruction,,,,,,,,,LocalGet,,,,,$l2,,
581,Instruction,,,,,,,,,Binary,i32.sub,,,,,,
582,Instruction,,,,,,,,,Convert,i64.extend_i32_s,,,,,,
583,Instruction,,,,,,,,,Const,,i32,1,,,,
584,Instruction,,,,,,,,,LocalGet,,,,,$p0,,
585,Instruction,,,,,,,,,Load,i32.load,,,,,40,
586,Instruction,,,4,,1,,,,CallIndirect,,,,,$__indirect_function_table,,
587,Instruction,,,,,,,,,Drop,,,,,,,
588,Instruction,,,,,0,,,,BeginBlock,,,,,$B1,,
589,Instruction,,,,,,,,,LocalGet,,,,,$p0,,
590,Instruction,,,,,,,,,Const,,i32,0,,,,
591,Instruction,,,,,,,,,Store,i32.store,,,,,28,
592,Instruction,,,,,,,,,LocalGet,,,,,$p0,,
593,Instruction,,,,,,,,,Const,,i64,0,,,,
594,Instruction,,,,,,,,,Store,i64.store,,,,,16,
595,Instruction,,,,,,,,,LocalGet,,,,,$p0,,
596,Instruction,,,,,,,,,Const,,i64,0,,,,
597,Instruction,,,,,,,,,Store,i64.store,,,,,4,
598,Instruction,,,,,,,,,Const,,i32,0,,,,
599,Trap,,,,,,,,,,,,,,,,
