0,Module,,,,,,,,,,,,,,,,
1,Function,$main,5,2,0,1,0,0,,,,,,,,,
2,FunctionSignature,,,,,,,,,,,,,,,,
3,Parameters,,,,,,,,,,,,,,,,
4,VarNode,$p0,0,,,,,,i32,,,,,,,,
5,VarNode,$p1,1,,,,,,i32,,,,,,,,
6,Results,,,,,,,,,,,,,,,,
7,VarNode,,0,,,,,,i32,,,,,,,,
8,Instructions,,,,,,,,,,,,,,,,
9,Instruction,,,,,,,,,Return,,,,,,,
10,Instruction,,,,,,,,,LocalGet,,,,,$p1,,
11,Instruction,,,,,,,,,Load,i32.load,,,,,4,
12,Instruction,,,,,,,,,Const,,i32,0,,,,
13,Instruction,,,2,,1,,,,Call,,,,,$iprintf,,
14,Instruction,,,,,,,,,Drop,,,,,,,
15,Instruction,,,,,1,,,,Loop,,,,,$L0,,
16,Instruction,,,,,,,,,Br,,,,,$L0,,
