0,Module,,,,,,,,,,,,,,,,
1,Function,$canary_down,9,0,1,0,0,0,,,,,,,,,
2,FunctionSignature,,,,,,,,,,,,,,,,
3,Locals,,,,,,,,,,,,,,,,
4,VarNode,$l0,0,,,,,,i32,,,,,,,,
5,Instructions,,,,,,,,,,,,,,,,
6,Instruction,,,,,,,,,Return,,,,,,,
7,Instruction,,,,,,,,,GlobalGet,,,,,$g0,,
8,Instruction,,,,,,,,,Const,,i32,160,,,,
9,Instruction,,,,,,,,,Binary,i32.sub,,,,,,
10,Instruction,,,,,,,,,LocalTee,,,,,$l0,,
11,Instruction,,,,,,,,,GlobalSet,,,,,$g0,,
12,Instruction,,,,,,,,,LocalGet,,,,,$l0,,
13,Instruction,,,,,,,,,LocalGet,,,,,$l0,,
14,Instruction,,,,,,,,,Load,i32.load,,,,,160,
15,Instruction,,,,,,,,,Store,i32.store,,,,,16,
16,Instruction,,,,,,,,,Const,,i32,1024,,,,
17,Instruction,,,,,,,,,LocalGet,,,,,$l0,,
18,Instruction,,,,,,,,,Const,,i32,16,,,,
19,Instruction,,,,,,,,,Binary,i32.add,,,,,,
20,Instruction,,,2,,1,,,,Call,,,,,$iprintf,,
21,Instruction,,,,,,,,,Drop,,,,,,,
22,Instruction,,,,,,,,,Const,,i32,0,,,,
23,Instruction,,,,,,,,,LocalGet,,,,,$l0,,
24,Instruction,,,,,,,,,Const,,i32,96,,,,
25,Instruction,,,,,,,,,Binary,i32.add,,,,,,
26,Instruction,,,,,,,,,Const,,i32,128,,,,
27,Instruction,,,3,,1,,,,Call,,,,,$read,,
28,Instruction,,,,,,,,,Drop,,,,,,,
29,Instruction,,,,,,,,,Const,,i32,0,,,,
30,Instruction,,,,,,,,,LocalGet,,,,,$l0,,
31,Instruction,,,,,,,,,Const,,i32,32,,,,
32,Instruction,,,,,,,,,Binary,i32.add,,,,,,
33,Instruction,,,,,,,,,Const,,i32,128,,,,
34,Instruction,,,3,,1,,,,Call,,,,,$read,,
35,Instruction,,,,,,,,,Drop,,,,,,,
36,Instruction,,,,,,,,,LocalGet,,,,,$l0,,
37,Instruction,,,,,,,,,LocalGet,,,,,$l0,,
38,Instruction,,,,,,,,,Const,,i32,96,,,,
39,Instruction,,,,,,,,,Binary,i32.add,,,,,,
40,Instruction,,,,,,,,,Store,i32.store,,,,,0,
41,Instruction,,,,,,,,,Const,,i32,1070,,,,
42,Instruction,,,,,,,,,LocalGet,,,,,$l0,,
43,Instruction,,,2,,1,,,,Call,,,,,$iprintf,,
44,Instruction,,,,,,,,,Drop,,,,,,,
45,Instruction,,,,,,,,,LocalGet,,,,,$l0,,
46,Instruction,,,,,,,,,Const,,i32,160,,,,
47,Instruction,,,,,,,,,Binary,i32.add,,,,,,
48,Instruction,,,,,,,,,GlobalSet,,,,,$g0,,
