0,1,AST,,,,,,0
1,2,AST,,,,,,0
1,5,AST,,,,,,1
2,3,AST,,,,,,0
3,4,AST,,,,,,0
5,6,AST,,,,,,0
5,7,AST,,,,,,1
5,17,CFG,,,,,,
7,12,AST,,,,,,0
7,16,AST,,,,,,1
7,6,CFG,,,,,,
8,9,CFG,,,,,,
8,9,PDG,$source,Function,,,,
9,8,AST,,,,,,0
9,10,CFG,,,,,,
9,11,PDG,$source,Function,,,,
9,13,PDG,$source,Function,,,,
10,11,CFG,,,,,,
10,11,PDG,i32.const 29,Const,i32,29,,
11,9,AST,,,,,,0
11,10,AST,,,,,,1
11,12,CFG,,,,,,
11,12,PDG,$source,Function,,,,
12,11,AST,,,,,,0
12,7,CFG,true,,,,,
12,13,CFG,false,,,,,
13,14,CFG,,,,,,
13,15,PDG,$source,Function,,,,
14,15,CFG,,,,,,
14,15,PDG,i32.const 1,Const,i32,1,,
15,13,AST,,,,,,0
15,14,AST,,,,,,1
15,16,CFG,,,,,,
15,16,PDG,$source,Function,,,,
16,15,AST,,,,,,0
16,7,CFG,,,,,,
17,8,CFG,,,,,,
