0,Module,,,,,,,,,,,,,,,,
1,Function,$foo,7,0,1,0,1,1,,,,,,,,,
2,FunctionSignature,,,,,,,,,,,,,,,,
3,Locals,,,,,,,,,,,,,,,,
4,VarNode,$l0,0,,,,,,i32,,,,,,,,
5,Instructions,,,,,,,,,,,,,,,,
6,Instruction,,,,,,,,,Return,,,,,,,
7,Instruction,,,,,0,,,,Block,,,,,$B0,,
8,Instruction,,,0,,1,,,,Call,,,,,$source,,
9,Instruction,,,,,,,,,LocalTee,,,,,$l0,,
10,Instruction,,,,,,,,,Const,,i32,29,,,,
11,Instruction,,,,,,,,,Compare,i32.gt_s,,,,,,
12,Instruction,,,,,,,,,BrIf,,,,,$B0,,
13,Instruction,,,,,,,,,LocalGet,,,,,$l0,,
14,Instruction,,,,,,,,,Const,,i32,1,,,,
15,Instruction,,,,,,,,,Binary,i32.shl,,,,,,
16,Instruction,,,1,,0,,,,Call,,,,,$sink,,
17,Instruction,,,,,0,,,,BeginBlock,,,,,$B0,,
