0,Module,,,,,,,,,,,,,,,,
1,Function,$main,5,2,0,1,0,0,,,,,,,,,
2,FunctionSignature,,,,,,,,,,,,,,,,
3,Parameters,,,,,,,,,,,,,,,,
4,VarNode,$p0,0,,,,,,i32,,,,,,,,
5,VarNode,$p1,1,,,,,,i32,,,,,,,,
6,Results,,,,,,,,,,,,,,,,
7,VarNode,,0,,,,,,i32,,,,,,,,
8,Instructions,,,,,,,,,,,,,,,,
9,Instruction,,,,,,,,,Return,,,,,,,
10,Instruction,,,,,,,,,Const,,i32,0,,,,
11,Instruction,,,,,,,,,Const,,i32,64,,,,
12,Instruction,,,1,,1,,,,Call,,,,,$dlmalloc,,
13,Instruction,,,,,,,,,Const,,i32,128,,,,
14,Instruction,,,3,,1,,,,Call,,,,,$read,,
15,Instruction,,,,,,,,,Drop,,,,,,,
16,Instruction,,,,,,,,,Const,,i32,1,,,,
